id,node,group,tolerance
0,34,g0,0.8
1,96,g0,0.8
2,75,g0,0.8
3,59,g0,0.8
4,13,g0,0.8
5,13,g0,0.8
6,3,g0,0.8
7,87,g0,0.8
8,60,g0,0.8
9,72,g0,0.8
10,1,g0,0.8
11,98,g0,0.8
12,85,g0,0.8
13,20,g0,0.8
14,15,g0,0.8
15,15,g0,0.8
16,30,g0,0.8
17,55,g0,0.8
18,41,g0,0.8
19,27,g0,0.8
20,62,g0,0.8
21,12,g0,0.8
22,28,g0,0.8
23,34,g0,0.8
24,43,g0,0.8
25,79,g0,0.8
26,19,g0,0.8
27,53,g0,0.8
28,59,g0,0.8
29,2,g0,0.8
30,61,g0,0.8
31,14,g0,0.8
32,4,g0,0.8
33,96,g0,0.8
34,97,g0,0.8
35,82,g0,0.8
36,30,g0,0.8
37,9,g0,0.8
38,69,g0,0.8
39,42,g0,0.8
40,11,g0,0.8
41,48,g0,0.8
42,2,g0,0.8
43,92,g0,0.8
44,23,g0,0.8
45,67,g0,0.8
46,30,g0,0.8
47,55,g0,0.8
48,56,g0,0.8
49,16,g0,0.8
50,98,g0,0.8
51,78,g0,0.8
52,96,g0,0.8
53,89,g0,0.8
54,59,g0,0.8
55,95,g0,0.8
56,7,g0,0.8
57,18,g0,0.8
58,2,g0,0.8
59,31,g0,0.8
60,37,g0,0.8
61,24,g0,0.8
62,85,g0,0.8
63,33,g0,0.8
64,25,g0,0.8
65,56,g0,0.8
66,12,g0,0.8
67,80,g0,0.8
68,4,g0,0.8
69,99,g0,0.8
70,78,g0,0.8
71,19,g0,0.8
72,0,g0,0.8
73,83,g0,0.8
74,71,g0,0.8
75,75,g0,0.8
76,78,g0,0.8
77,4,g0,0.8
78,33,g0,0.8
79,10,g0,0.8
80,87,g0,0.8
81,65,g0,0.8
82,31,g0,0.8
83,3,g0,0.8
84,30,g0,0.8
85,31,g0,0.8
86,75,g0,0.8
87,66,g0,0.8
88,89,g0,0.8
89,44,g0,0.8
90,11,g0,0.8
91,73,g0,0.8
92,77,g0,0.8
93,57,g0,0.8
94,78,g0,0.8
95,48,g0,0.8
96,55,g0,0.8
97,41,g0,0.8
98,1,g0,0.8
99,10,g0,0.8
100,1,g0,0.8
101,66,g0,0.8
102,30,g0,0.8
103,52,g0,0.8
104,91,g0,0.8
105,23,g0,0.8
106,40,g0,0.8
107,77,g0,0.8
108,21,g0,0.8
109,4,g0,0.8
110,27,g0,0.8
111,13,g0,0.8
112,95,g0,0.8
113,82,g0,0.8
114,65,g0,0.8
115,88,g0,0.8
116,80,g0,0.8
117,16,g0,0.8
118,89,g0,0.8
119,56,g0,0.8
120,81,g0,0.8
121,89,g0,0.8
122,31,g0,0.8
123,10,g0,0.8
124,21,g0,0.8
125,41,g0,0.8
126,84,g0,0.8
127,87,g0,0.8
128,0,g0,0.8
129,52,g0,0.8
130,41,g0,0.8
131,21,g0,0.8
132,11,g0,0.8
133,32,g0,0.8
134,96,g0,0.8
135,31,g0,0.8
136,54,g0,0.8
137,70,g0,0.8
138,33,g0,0.8
139,98,g0,0.8
140,97,g0,0.8
141,23,g0,0.8
142,49,g0,0.8
143,30,g0,0.8
144,26,g0,0.8
145,2,g0,0.8
146,62,g0,0.8
147,50,g0,0.8
148,3,g0,0.8
149,24,g0,0.8
150,92,g0,0.8
151,22,g0,0.8
152,12,g0,0.8
153,47,g0,0.8
154,99,g0,0.8
155,22,g0,0.8
156,68,g0,0.8
157,77,g0,0.8
158,22,g0,0.8
159,75,g0,0.8
160,34,g0,0.8
161,65,g0,0.8
162,65,g0,0.8
163,55,g0,0.8
164,7,g0,0.8
165,85,g0,0.8
166,31,g0,0.8
167,16,g0,0.8
168,2,g0,0.8
169,59,g0,0.8
170,68,g0,0.8
171,1,g0,0.8
172,53,g0,0.8
173,21,g0,0.8
174,66,g0,0.8
175,14,g0,0.8
176,69,g0,0.8
177,36,g0,0.8
178,96,g0,0.8
179,12,g0,0.8
180,32,g0,0.8
181,10,g0,0.8
182,95,g0,0.8
183,88,g0,0.8
184,23,g0,0.8
185,67,g0,0.8
186,84,g0,0.8
187,57,g0,0.8
188,55,g0,0.8
189,22,g0,0.8
190,8,g0,0.8
191,89,g0,0.8
192,90,g0,0.8
193,65,g0,0.8
194,32,g0,0.8
195,33,g0,0.8
196,75,g0,0.8
197,89,g0,0.8
198,89,g0,0.8
199,78,g0,0.8
200,66,g0,0.8
201,6,g0,0.8
202,13,g0,0.8
203,89,g0,0.8
204,61,g0,0.8
205,0,g0,0.8
206,10,g0,0.8
207,67,g0,0.8
208,0,g0,0.8
209,13,g0,0.8
210,56,g0,0.8
211,69,g0,0.8
212,66,g0,0.8
213,21,g0,0.8
214,73,g0,0.8
215,22,g0,0.8
216,31,g0,0.8
217,76,g0,0.8
218,66,g0,0.8
219,86,g0,0.8
220,67,g0,0.8
221,58,g0,0.8
222,8,g0,0.8
223,34,g0,0.8
224,24,g0,0.8
225,22,g0,0.8
226,98,g0,0.8
227,38,g0,0.8
228,89,g0,0.8
229,65,g0,0.8
230,79,g0,0.8
231,50,g0,0.8
232,58,g0,0.8
233,48,g0,0.8
234,18,g0,0.8
235,75,g0,0.8
236,25,g0,0.8
237,1,g0,0.8
238,66,g0,0.8
239,14,g0,0.8
240,96,g0,0.8
241,97,g0,0.8
242,93,g0,0.8
243,34,g0,0.8
244,0,g0,0.8
245,95,g0,0.8
246,41,g0,0.8
247,97,g0,0.8
248,97,g0,0.8
249,87,g0,0.8
250,28,g0,0.8
251,36,g0,0.8
252,86,g0,0.8
253,31,g0,0.8
254,14,g0,0.8
255,57,g0,0.8
256,96,g0,0.8
257,69,g0,0.8
258,58,g0,0.8
259,9,g0,0.8
260,63,g0,0.8
261,99,g0,0.8
262,12,g0,0.8
263,54,g0,0.8
264,88,g0,0.8
265,76,g0,0.8
266,69,g0,0.8
267,70,g0,0.8
268,33,g0,0.8
269,28,g0,0.8
270,82,g0,0.8
271,82,g0,0.8
272,87,g0,0.8
273,93,g0,0.8
274,52,g0,0.8
275,50,g0,0.8
276,79,g0,0.8
277,66,g0,0.8
278,70,g0,0.8
279,79,g0,0.8
280,89,g0,0.8
281,32,g0,0.8
282,34,g0,0.8
283,8,g0,0.8
284,58,g0,0.8
285,2,g0,0.8
286,44,g0,0.8
287,56,g0,0.8
288,26,g0,0.8
289,59,g0,0.8
290,1,g0,0.8
291,2,g0,0.8
292,85,g0,0.8
293,33,g0,0.8
294,11,g0,0.8
295,55,g0,0.8
296,78,g0,0.8
297,20,g0,0.8
298,65,g0,0.8
299,6,g0,0.8
300,3,g0,0.8
301,55,g0,0.8
302,56,g0,0.8
303,66,g0,0.8
304,75,g0,0.8
305,98,g0,0.8
306,54,g0,0.8
307,31,g0,0.8
308,79,g0,0.8
309,24,g0,0.8
310,42,g0,0.8
311,4,g0,0.8
312,1,g0,0.8
313,97,g0,0.8
314,85,g0,0.8
315,69,g0,0.8
316,40,g0,0.8
317,14,g0,0.8
318,13,g0,0.8
319,23,g0,0.8
320,56,g0,0.8
321,73,g0,0.8
322,67,g0,0.8
323,24,g0,0.8
324,97,g0,0.8
325,76,g0,0.8
326,57,g0,0.8
327,62,g0,0.8
328,41,g0,0.8
329,22,g0,0.8
330,33,g0,0.8
331,77,g0,0.8
332,0,g0,0.8
333,11,g0,0.8
334,2,g0,0.8
335,2,g0,0.8
336,87,g0,0.8
337,70,g0,0.8
338,44,g0,0.8
339,9,g0,0.8
340,47,g0,0.8
341,44,g0,0.8
342,14,g0,0.8
343,42,g0,0.8
344,39,g0,0.8
345,63,g0,0.8
346,65,g0,0.8
347,2,g0,0.8
348,34,g0,0.8
349,65,g0,0.8
350,50,g0,0.8
351,87,g0,0.8
352,67,g0,0.8
353,13,g0,0.8
354,4,g0,0.8
355,66,g0,0.8
356,1,g0,0.8
357,59,g0,0.8
358,96,g0,0.8
359,58,g0,0.8
360,37,g0,0.8
361,66,g0,0.8
362,43,g0,0.8
363,56,g0,0.8
364,96,g0,0.8
365,36,g0,0.8
366,97,g0,0.8
367,91,g0,0.8
368,18,g0,0.8
369,4,g0,0.8
370,10,g0,0.8
371,1,g0,0.8
372,8,g0,0.8
373,68,g0,0.8
374,4,g0,0.8
375,31,g0,0.8
376,86,g0,0.8
377,1,g0,0.8
378,83,g0,0.8
379,25,g0,0.8
380,11,g0,0.8
381,69,g0,0.8
382,65,g0,0.8
383,88,g0,0.8
384,75,g0,0.8
385,80,g0,0.8
386,25,g0,0.8
387,14,g0,0.8
388,76,g0,0.8
389,81,g0,0.8
390,99,g0,0.8
391,40,g0,0.8
392,34,g0,0.8
393,78,g0,0.8
394,32,g0,0.8
395,95,g0,0.8
396,87,g0,0.8
397,41,g0,0.8
398,76,g0,0.8
399,77,g0,0.8
400,10,g0,0.8
401,90,g0,0.8
402,51,g0,0.8
403,85,g0,0.8
404,31,g0,0.8
405,89,g0,0.8
406,37,g0,0.8
407,0,g0,0.8
408,91,g0,0.8
409,7,g0,0.8
410,31,g0,0.8
411,96,g0,0.8
412,96,g0,0.8
413,58,g0,0.8
414,65,g0,0.8
415,43,g0,0.8
416,28,g0,0.8
417,31,g0,0.8
418,68,g0,0.8
419,77,g0,0.8
420,79,g0,0.8
421,79,g0,0.8
422,7,g0,0.8
423,48,g0,0.8
424,3,g0,0.8
425,56,g0,0.8
426,42,g0,0.8
427,89,g0,0.8
428,33,g0,0.8
429,11,g0,0.8
430,12,g0,0.8
431,77,g0,0.8
432,64,g0,0.8
433,10,g0,0.8
434,6,g0,0.8
435,70,g0,0.8
436,4,g0,0.8
437,85,g0,0.8
438,71,g0,0.8
439,5,g0,0.8
440,6,g0,0.8
441,99,g0,0.8
442,34,g0,0.8
443,34,g0,0.8
444,83,g0,0.8
445,96,g0,0.8
446,99,g0,0.8
447,77,g0,0.8
448,34,g0,0.8
449,5,g0,0.8
450,78,g0,0.8
451,57,g0,0.8
452,41,g0,0.8
453,91,g0,0.8
454,10,g0,0.8
455,48,g0,0.8
456,0,g0,0.8
457,44,g0,0.8
458,3,g0,0.8
459,11,g0,0.8
460,11,g0,0.8
461,66,g0,0.8
462,76,g0,0.8
463,58,g0,0.8
464,97,g0,0.8
465,34,g0,0.8
466,26,g0,0.8
467,88,g0,0.8
468,21,g0,0.8
469,97,g0,0.8
470,0,g0,0.8
471,98,g0,0.8
472,2,g0,0.8
473,89,g0,0.8
474,55,g0,0.8
475,99,g0,0.8
476,4,g0,0.8
477,57,g0,0.8
478,98,g0,0.8
479,55,g0,0.8
480,65,g0,0.8
481,69,g0,0.8
482,43,g0,0.8
483,65,g0,0.8
484,59,g0,0.8
485,90,g0,0.8
486,2,g0,0.8
487,25,g0,0.8
488,96,g0,0.8
489,89,g0,0.8
490,43,g0,0.8
491,65,g0,0.8
492,24,g0,0.8
493,17,g0,0.8
494,43,g0,0.8
495,33,g0,0.8
496,58,g0,0.8
497,4,g0,0.8
498,98,g0,0.8
499,99,g0,0.8
500,69,g0,0.8
501,56,g0,0.8
502,30,g0,0.8
503,83,g0,0.8
504,69,g0,0.8
505,13,g0,0.8
506,92,g0,0.8
507,85,g0,0.8
508,96,g0,0.8
509,75,g0,0.8
510,63,g0,0.8
511,41,g0,0.8
512,95,g0,0.8
513,87,g0,0.8
514,2,g0,0.8
515,1,g0,0.8
516,34,g0,0.8
517,82,g0,0.8
518,99,g0,0.8
519,13,g0,0.8
520,59,g0,0.8
521,35,g0,0.8
522,98,g0,0.8
523,86,g0,0.8
524,86,g0,0.8
525,44,g0,0.8
526,40,g0,0.8
527,24,g0,0.8
528,3,g0,0.8
529,87,g0,0.8
530,83,g0,0.8
531,99,g0,0.8
532,99,g0,0.8
533,57,g0,0.8
534,78,g0,0.8
535,96,g0,0.8
536,86,g0,0.8
537,22,g0,0.8
538,43,g0,0.8
539,11,g0,0.8
540,97,g0,0.8
541,61,g0,0.8
542,21,g0,0.8
543,68,g0,0.8
544,64,g0,0.8
545,33,g0,0.8
546,10,g0,0.8
547,68,g0,0.8
548,55,g0,0.8
549,78,g0,0.8
550,55,g0,0.8
551,87,g0,0.8
552,56,g0,0.8
553,57,g0,0.8
554,88,g0,0.8
555,40,g0,0.8
556,12,g0,0.8
557,1,g0,0.8
558,77,g0,0.8
559,65,g0,0.8
560,71,g0,0.8
561,20,g0,0.8
562,12,g0,0.8
563,0,g0,0.8
564,33,g0,0.8
565,59,g0,0.8
566,38,g0,0.8
567,42,g0,0.8
568,91,g0,0.8
569,33,g0,0.8
570,53,g0,0.8
571,78,g0,0.8
572,39,g0,0.8
573,65,g0,0.8
574,87,g0,0.8
575,96,g0,0.8
576,12,g0,0.8
577,95,g0,0.8
578,48,g0,0.8
579,23,g0,0.8
580,43,g0,0.8
581,98,g0,0.8
582,48,g0,0.8
583,31,g0,0.8
584,65,g0,0.8
585,22,g0,0.8
586,4,g0,0.8
587,11,g0,0.8
588,11,g0,0.8
589,13,g0,0.8
590,12,g0,0.8
591,66,g0,0.8
592,15,g0,0.8
593,32,g0,0.8
594,89,g0,0.8
595,44,g0,0.8
596,67,g0,0.8
597,14,g0,0.8
598,18,g0,0.8
599,2,g0,0.8
600,14,g0,0.8
601,24,g0,0.8
602,14,g0,0.8
603,7,g0,0.8
604,11,g0,0.8
605,43,g0,0.8
606,20,g0,0.8
607,34,g0,0.8
608,50,g0,0.8
609,69,g0,0.8
610,2,g0,0.8
611,79,g0,0.8
612,65,g0,0.8
613,5,g0,0.8
614,88,g0,0.8
615,95,g0,0.8
616,3,g0,0.8
617,24,g0,0.8
618,81,g0,0.8
619,76,g0,0.8
620,16,g0,0.8
621,20,g0,0.8
622,34,g0,0.8
623,46,g0,0.8
624,64,g0,0.8
625,34,g0,0.8
626,43,g0,0.8
627,76,g0,0.8
628,2,g0,0.8
629,23,g0,0.8
630,73,g0,0.8
631,89,g0,0.8
632,52,g0,0.8
633,55,g0,0.8
634,10,g0,0.8
635,42,g0,0.8
636,55,g0,0.8
637,22,g0,0.8
638,24,g0,0.8
639,34,g0,0.8
640,1,g0,0.8
641,31,g0,0.8
642,20,g0,0.8
643,31,g0,0.8
644,11,g0,0.8
645,89,g0,0.8
646,59,g0,0.8
647,68,g0,0.8
648,79,g0,0.8
649,49,g0,0.8
650,6,g0,0.8
651,56,g0,0.8
652,59,g0,0.8
653,76,g0,0.8
654,41,g0,0.8
655,11,g0,0.8
656,25,g0,0.8
657,33,g0,0.8
658,66,g0,0.8
659,58,g0,0.8
660,33,g0,0.8
661,99,g0,0.8
662,61,g0,0.8
663,22,g0,0.8
664,10,g0,0.8
665,13,g0,0.8
666,22,g0,0.8
667,13,g0,0.8
668,16,g0,0.8
669,26,g0,0.8
670,14,g0,0.8
671,89,g0,0.8
672,5,g0,0.8
673,55,g0,0.8
674,40,g0,0.8
675,98,g0,0.8
676,10,g0,0.8
677,39,g0,0.8
678,98,g0,0.8
679,87,g0,0.8
680,84,g0,0.8
681,23,g0,0.8
682,14,g0,0.8
683,68,g0,0.8
684,95,g0,0.8
685,57,g0,0.8
686,58,g0,0.8
687,24,g0,0.8
688,78,g0,0.8
689,16,g0,0.8
690,31,g0,0.8
691,41,g0,0.8
692,51,g0,0.8
693,22,g0,0.8
694,10,g0,0.8
695,62,g0,0.8
696,27,g0,0.8
697,58,g0,0.8
698,13,g0,0.8
699,45,g0,0.8
700,55,g0,0.8
701,3,g0,0.8
702,32,g0,0.8
703,12,g0,0.8
704,3,g0,0.8
705,99,g0,0.8
706,31,g0,0.8
707,82,g0,0.8
708,23,g0,0.8
709,68,g0,0.8
710,77,g0,0.8
711,59,g0,0.8
712,44,g0,0.8
713,40,g0,0.8
714,33,g0,0.8
715,95,g0,0.8
716,85,g0,0.8
717,97,g0,0.8
718,11,g0,0.8
719,75,g0,0.8
720,96,g0,0.8
721,15,g0,0.8
722,4,g0,0.8
723,76,g0,0.8
724,58,g0,0.8
725,86,g0,0.8
726,12,g0,0.8
727,79,g0,0.8
728,20,g0,0.8
729,13,g0,0.8
730,14,g0,0.8
731,83,g0,0.8
732,67,g0,0.8
733,55,g0,0.8
734,33,g0,0.8
735,88,g0,0.8
736,38,g0,0.8
737,84,g0,0.8
738,42,g0,0.8
739,34,g0,0.8
740,43,g0,0.8
741,30,g0,0.8
742,76,g0,0.8
743,50,g0,0.8
744,22,g0,0.8
745,89,g0,0.8
746,35,g0,0.8
747,56,g0,0.8
748,91,g0,0.8
749,65,g0,0.8
750,11,g0,0.8
751,96,g0,0.8
752,65,g0,0.8
753,32,g0,0.8
754,12,g0,0.8
755,79,g0,0.8
756,65,g0,0.8
757,55,g0,0.8
758,89,g0,0.8
759,79,g0,0.8
760,13,g0,0.8
761,30,g0,0.8
762,23,g0,0.8
763,76,g0,0.8
764,2,g0,0.8
765,58,g0,0.8
766,77,g0,0.8
767,88,g0,0.8
768,32,g0,0.8
769,85,g0,0.8
770,10,g0,0.8
771,86,g0,0.8
772,11,g0,0.8
773,39,g0,0.8
774,79,g0,0.8
775,13,g0,0.8
776,21,g0,0.8
777,75,g0,0.8
778,75,g0,0.8
779,66,g0,0.8
780,69,g0,0.8
781,56,g0,0.8
782,23,g0,0.8
783,32,g0,0.8
784,15,g0,0.8
785,92,g0,0.8
786,58,g0,0.8
787,40,g0,0.8
788,43,g0,0.8
789,96,g0,0.8
790,13,g0,0.8
791,59,g0,0.8
792,51,g0,0.8
793,62,g0,0.8
794,1,g0,0.8
795,88,g0,0.8
796,95,g0,0.8
797,57,g0,0.8
798,69,g0,0.8
799,95,g0,0.8
800,71,g0,0.8
801,13,g0,0.8
802,58,g0,0.8
803,61,g0,0.8
804,41,g0,0.8
805,76,g0,0.8
806,95,g0,0.8
807,95,g0,0.8
808,43,g0,0.8
809,10,g0,0.8
810,99,g0,0.8
811,86,g0,0.8
812,11,g0,0.8
813,95,g0,0.8
814,88,g0,0.8
815,54,g0,0.8
816,59,g0,0.8
817,39,g0,0.8
818,3,g0,0.8
819,32,g0,0.8
820,80,g0,0.8
821,0,g0,0.8
822,32,g0,0.8
823,39,g0,0.8
824,56,g0,0.8
825,94,g0,0.8
826,32,g0,0.8
827,32,g0,0.8
828,76,g0,0.8
829,43,g0,0.8
830,21,g0,0.8
831,43,g0,0.8
832,12,g0,0.8
833,14,g0,0.8
834,49,g0,0.8
835,41,g0,0.8
836,93,g0,0.8
837,33,g0,0.8
838,58,g0,0.8
839,65,g0,0.8
840,0,g0,0.8
841,67,g0,0.8
842,14,g0,0.8
843,97,g0,0.8
844,13,g0,0.8
845,40,g0,0.8
846,6,g0,0.8
847,99,g0,0.8
848,50,g0,0.8
849,59,g0,0.8
850,4,g0,0.8
851,76,g0,0.8
852,20,g0,0.8
853,89,g0,0.8
854,20,g0,0.8
855,17,g0,0.8
856,2,g0,0.8
857,44,g0,0.8
858,57,g0,0.8
859,4,g0,0.8
860,78,g0,0.8
861,43,g0,0.8
862,55,g0,0.8
863,42,g0,0.8
864,40,g0,0.8
865,57,g0,0.8
866,13,g0,0.8
867,15,g0,0.8
868,87,g0,0.8
869,96,g0,0.8
870,34,g0,0.8
871,24,g0,0.8
872,66,g0,0.8
873,40,g0,0.8
874,1,g0,0.8
875,13,g0,0.8
876,73,g0,0.8
877,67,g0,0.8
878,1,g0,0.8
879,21,g0,0.8
880,21,g0,0.8
881,68,g0,0.8
882,1,g0,0.8
883,10,g0,0.8
884,79,g0,0.8
885,14,g0,0.8
886,67,g0,0.8
887,22,g0,0.8
888,9,g0,0.8
889,22,g0,0.8
890,75,g0,0.8
891,87,g0,0.8
892,85,g0,0.8
893,39,g0,0.8
894,68,g0,0.8
895,20,g0,0.8
896,28,g0,0.8
897,89,g0,0.8
898,0,g0,0.8
899,6,g0,0.8
900,20,g0,0.8
901,1,g0,0.8
902,15,g0,0.8
903,58,g0,0.8
904,41,g0,0.8
905,89,g0,0.8
906,84,g0,0.8
907,32,g0,0.8
908,23,g0,0.8
909,34,g0,0.8
910,59,g0,0.8
911,24,g0,0.8
912,65,g0,0.8
913,40,g0,0.8
914,57,g0,0.8
915,42,g0,0.8
916,28,g0,0.8
917,96,g0,0.8
918,77,g0,0.8
919,12,g0,0.8
920,88,g0,0.8
921,46,g0,0.8
922,89,g0,0.8
923,79,g0,0.8
924,41,g0,0.8
925,1,g0,0.8
926,24,g0,0.8
927,56,g0,0.8
928,65,g0,0.8
929,23,g0,0.8
930,12,g0,0.8
931,85,g0,0.8
932,99,g0,0.8
933,55,g0,0.8
934,14,g0,0.8
935,24,g0,0.8
936,1,g0,0.8
937,93,g0,0.8
938,11,g0,0.8
939,58,g0,0.8
940,24,g0,0.8
941,57,g0,0.8
942,66,g0,0.8
943,85,g0,0.8
944,20,g0,0.8
945,0,g0,0.8
946,12,g0,0.8
947,90,g0,0.8
948,88,g0,0.8
949,59,g0,0.8
950,60,g0,0.8
951,67,g0,0.8
952,14,g0,0.8
953,93,g0,0.8
954,41,g0,0.8
955,35,g0,0.8
956,54,g0,0.8
957,2,g0,0.8
958,14,g0,0.8
959,76,g0,0.8
960,5,g0,0.8
961,60,g0,0.8
962,22,g0,0.8
963,37,g0,0.8
964,27,g0,0.8
965,33,g0,0.8
966,74,g0,0.8
967,29,g0,0.8
968,57,g0,0.8
969,44,g0,0.8
970,67,g0,0.8
971,96,g0,0.8
972,75,g0,0.8
973,20,g0,0.8
974,1,g0,0.8
975,23,g0,0.8
976,59,g0,0.8
977,3,g0,0.8
978,49,g0,0.8
979,59,g0,0.8
980,32,g0,0.8
981,78,g0,0.8
982,10,g0,0.8
983,4,g0,0.8
984,75,g0,0.8
985,48,g0,0.8
986,69,g0,0.8
987,42,g0,0.8
988,22,g0,0.8
989,84,g0,0.8
990,79,g0,0.8
991,69,g0,0.8
992,24,g0,0.8
993,59,g0,0.8
994,33,g0,0.8
995,7,g0,0.8
996,94,g0,0.8
997,12,g0,0.8
998,96,g0,0.8
999,42,g0,0.8
1000,16,g0,0.8
1001,56,g0,0.8
1002,88,g0,0.8
1003,75,g0,0.8
1004,81,g0,0.8
1005,67,g0,0.8
1006,69,g0,0.8
1007,86,g0,0.8
1008,23,g0,0.8
1009,47,g0,0.8
1010,21,g0,0.8
1011,99,g0,0.8
1012,96,g0,0.8
1013,2,g0,0.8
1014,71,g0,0.8
1015,95,g0,0.8
1016,15,g0,0.8
1017,57,g0,0.8
1018,93,g0,0.8
1019,2,g0,0.8
1020,69,g0,0.8
1021,29,g0,0.8
1022,95,g0,0.8
1023,98,g0,0.8
1024,96,g0,0.8
1025,44,g0,0.8
1026,87,g0,0.8
1027,86,g0,0.8
1028,31,g0,0.8
1029,85,g0,0.8
1030,2,g0,0.8
1031,59,g0,0.8
1032,21,g0,0.8
1033,11,g0,0.8
1034,4,g0,0.8
1035,69,g0,0.8
1036,32,g0,0.8
1037,75,g0,0.8
1038,4,g0,0.8
1039,30,g0,0.8
1040,56,g0,0.8
1041,79,g0,0.8
1042,31,g0,0.8
1043,65,g0,0.8
1044,89,g0,0.8
1045,63,g0,0.8
1046,22,g0,0.8
1047,1,g0,0.8
1048,88,g0,0.8
1049,1,g0,0.8
1050,88,g0,0.8
1051,55,g0,0.8
1052,96,g0,0.8
1053,79,g0,0.8
1054,99,g0,0.8
1055,33,g0,0.8
1056,77,g0,0.8
1057,40,g0,0.8
1058,44,g0,0.8
1059,65,g0,0.8
1060,88,g0,0.8
1061,99,g0,0.8
1062,78,g0,0.8
1063,41,g0,0.8
1064,41,g0,0.8
1065,76,g0,0.8
1066,22,g0,0.8
1067,10,g0,0.8
1068,33,g0,0.8
1069,26,g0,0.8
1070,29,g0,0.8
1071,22,g0,0.8
1072,2,g0,0.8
1073,1,g0,0.8
1074,99,g0,0.8
1075,41,g0,0.8
1076,36,g0,0.8
1077,68,g0,0.8
1078,21,g0,0.8
1079,96,g0,0.8
1080,79,g0,0.8
1081,7,g0,0.8
1082,41,g0,0.8
1083,88,g0,0.8
1084,96,g0,0.8
1085,44,g0,0.8
1086,63,g0,0.8
1087,14,g0,0.8
1088,99,g0,0.8
1089,21,g0,0.8
1090,96,g0,0.8
1091,66,g0,0.8
1092,61,g0,0.8
1093,53,g0,0.8
1094,21,g0,0.8
1095,14,g0,0.8
1096,21,g0,0.8
1097,16,g0,0.8
1098,78,g0,0.8
1099,33,g0,0.8
1100,3,g0,0.8
1101,98,g0,0.8
1102,88,g0,0.8
1103,95,g0,0.8
1104,99,g0,0.8
1105,14,g0,0.8
1106,39,g0,0.8
1107,77,g0,0.8
1108,69,g0,0.8
1109,13,g0,0.8
1110,83,g0,0.8
1111,21,g0,0.8
1112,21,g0,0.8
1113,56,g0,0.8
1114,59,g0,0.8
1115,58,g0,0.8
1116,7,g0,0.8
1117,88,g0,0.8
1118,24,g0,0.8
1119,11,g0,0.8
1120,89,g0,0.8
1121,97,g0,0.8
1122,87,g0,0.8
1123,82,g0,0.8
1124,67,g0,0.8
1125,56,g0,0.8
1126,6,g0,0.8
1127,40,g0,0.8
1128,34,g0,0.8
1129,23,g0,0.8
1130,75,g0,0.8
1131,48,g0,0.8
1132,5,g0,0.8
1133,21,g0,0.8
1134,68,g0,0.8
1135,4,g0,0.8
1136,86,g0,0.8
1137,48,g0,0.8
1138,45,g0,0.8
1139,59,g0,0.8
1140,85,g0,0.8
1141,32,g0,0.8
1142,68,g0,0.8
1143,57,g0,0.8
1144,24,g0,0.8
1145,88,g0,0.8
1146,79,g0,0.8
1147,67,g0,0.8
1148,86,g0,0.8
1149,87,g0,0.8
1150,72,g0,0.8
1151,86,g0,0.8
1152,69,g0,0.8
1153,68,g0,0.8
1154,64,g0,0.8
1155,77,g0,0.8
1156,13,g0,0.8
1157,88,g0,0.8
1158,88,g0,0.8
1159,1,g0,0.8
1160,85,g0,0.8
1161,11,g0,0.8
1162,32,g0,0.8
1163,76,g0,0.8
1164,13,g0,0.8
1165,84,g0,0.8
1166,85,g0,0.8
1167,51,g0,0.8
1168,0,g0,0.8
1169,26,g0,0.8
1170,64,g0,0.8
1171,98,g0,0.8
1172,65,g0,0.8
1173,23,g0,0.8
1174,65,g0,0.8
1175,56,g0,0.8
1176,78,g0,0.8
1177,10,g0,0.8
1178,77,g0,0.8
1179,56,g0,0.8
1180,97,g0,0.8
1181,32,g0,0.8
1182,65,g0,0.8
1183,95,g0,0.8
1184,10,g0,0.8
1185,96,g0,0.8
1186,69,g0,0.8
1187,4,g0,0.8
1188,30,g0,0.8
1189,72,g0,0.8
1190,4,g0,0.8
1191,58,g0,0.8
1192,32,g0,0.8
1193,65,g0,0.8
1194,2,g0,0.8
1195,88,g0,0.8
1196,98,g0,0.8
1197,98,g0,0.8
1198,76,g0,0.8
1199,11,g0,0.8
1200,77,g0,0.8
1201,1,g0,0.8
1202,1,g0,0.8
1203,31,g0,0.8
1204,47,g0,0.8
1205,78,g0,0.8
1206,68,g0,0.8
1207,42,g0,0.8
1208,24,g0,0.8
1209,99,g0,0.8
1210,41,g0,0.8
1211,43,g0,0.8
1212,13,g0,0.8
1213,79,g0,0.8
1214,69,g0,0.8
1215,21,g0,0.8
1216,5,g0,0.8
1217,68,g0,0.8
1218,67,g0,0.8
1219,24,g0,0.8
1220,96,g0,0.8
1221,13,g0,0.8
1222,42,g0,0.8
1223,96,g0,0.8
1224,41,g0,0.8
1225,66,g0,0.8
1226,39,g0,0.8
1227,24,g0,0.8
1228,98,g0,0.8
1229,40,g0,0.8
1230,89,g0,0.8
1231,21,g0,0.8
1232,20,g0,0.8
1233,1,g0,0.8
1234,66,g0,0.8
1235,34,g0,0.8
1236,87,g0,0.8
1237,44,g0,0.8
1238,98,g0,0.8
1239,16,g0,0.8
1240,88,g0,0.8
1241,78,g0,0.8
1242,78,g0,0.8
1243,86,g0,0.8
1244,77,g0,0.8
1245,65,g0,0.8
1246,11,g0,0.8
1247,2,g0,0.8
1248,95,g0,0.8
1249,64,g0,0.8
1250,79,g0,0.8
1251,45,g0,0.8
1252,11,g0,0.8
1253,11,g0,0.8
1254,69,g0,0.8
1255,41,g0,0.8
1256,20,g0,0.8
1257,47,g0,0.8
1258,4,g0,0.8
1259,58,g0,0.8
1260,24,g0,0.8
1261,79,g0,0.8
1262,30,g0,0.8
1263,43,g0,0.8
1264,0,g0,0.8
1265,4,g0,0.8
1266,38,g0,0.8
1267,44,g0,0.8
1268,60,g0,0.8
1269,27,g0,0.8
1270,69,g0,0.8
1271,87,g0,0.8
1272,78,g0,0.8
1273,2,g0,0.8
1274,45,g0,0.8
1275,10,g0,0.8
1276,22,g0,0.8
1277,99,g0,0.8
1278,12,g0,0.8
1279,49,g0,0.8
1280,64,g0,0.8
1281,70,g0,0.8
1282,57,g0,0.8
1283,0,g0,0.8
1284,31,g0,0.8
1285,54,g0,0.8
1286,6,g0,0.8
1287,33,g0,0.8
1288,2,g0,0.8
1289,4,g0,0.8
1290,39,g0,0.8
1291,12,g0,0.8
1292,57,g0,0.8
1293,69,g0,0.8
1294,80,g0,0.8
1295,20,g0,0.8
1296,14,g0,0.8
1297,10,g0,0.8
1298,66,g0,0.8
1299,71,g0,0.8
1300,1,g0,0.8
1301,96,g0,0.8
1302,3,g0,0.8
1303,56,g0,0.8
1304,72,g0,0.8
1305,88,g0,0.8
1306,73,g0,0.8
1307,80,g0,0.8
1308,32,g0,0.8
1309,83,g0,0.8
1310,5,g0,0.8
1311,89,g0,0.8
1312,56,g0,0.8
1313,84,g0,0.8
1314,43,g0,0.8
1315,66,g0,0.8
1316,55,g0,0.8
1317,75,g0,0.8
1318,5,g0,0.8
1319,3,g0,0.8
1320,22,g0,0.8
1321,13,g0,0.8
1322,88,g0,0.8
1323,21,g0,0.8
1324,98,g0,0.8
1325,32,g0,0.8
1326,15,g0,0.8
1327,79,g0,0.8
1328,67,g0,0.8
1329,49,g0,0.8
1330,57,g0,0.8
1331,74,g0,0.8
1332,21,g0,0.8
1333,99,g0,0.8
1334,98,g0,0.8
1335,66,g0,0.8
1336,19,g0,0.8
1337,68,g0,0.8
1338,4,g0,0.8
1339,1,g0,0.8
1340,23,g0,0.8
1341,43,g0,0.8
1342,88,g0,0.8
1343,75,g0,0.8
1344,76,g0,0.8
1345,41,g0,0.8
1346,32,g0,0.8
1347,34,g0,0.8
1348,99,g0,0.8
1349,2,g0,0.8
1350,87,g0,0.8
1351,58,g0,0.8
1352,42,g0,0.8
1353,75,g0,0.8
1354,46,g0,0.8
1355,88,g0,0.8
1356,90,g0,0.8
1357,41,g0,0.8
1358,24,g0,0.8
1359,59,g0,0.8
1360,93,g0,0.8
1361,20,g0,0.8
1362,65,g0,0.8
1363,65,g0,0.8
1364,75,g0,0.8
1365,11,g0,0.8
1366,73,g0,0.8
1367,92,g0,0.8
1368,14,g0,0.8
1369,22,g0,0.8
1370,98,g0,0.8
1371,15,g0,0.8
1372,87,g0,0.8
1373,48,g0,0.8
1374,22,g0,0.8
1375,88,g0,0.8
1376,42,g0,0.8
1377,53,g0,0.8
1378,33,g0,0.8
1379,59,g0,0.8
1380,13,g0,0.8
1381,37,g0,0.8
1382,98,g0,0.8
1383,23,g0,0.8
1384,67,g0,0.8
1385,31,g0,0.8
1386,78,g0,0.8
1387,11,g0,0.8
1388,98,g0,0.8
1389,43,g0,0.8
1390,22,g0,0.8
1391,4,g0,0.8
1392,14,g0,0.8
1393,54,g0,0.8
1394,32,g0,0.8
1395,85,g0,0.8
1396,41,g0,0.8
1397,23,g0,0.8
1398,64,g0,0.8
1399,71,g0,0.8
1400,14,g0,0.8
1401,14,g0,0.8
1402,2,g0,0.8
1403,76,g0,0.8
1404,67,g0,0.8
1405,44,g0,0.8
1406,86,g0,0.8
1407,81,g0,0.8
1408,59,g0,0.8
1409,88,g0,0.8
1410,20,g0,0.8
1411,10,g0,0.8
1412,24,g0,0.8
1413,3,g0,0.8
1414,55,g0,0.8
1415,96,g0,0.8
1416,2,g0,0.8
1417,11,g0,0.8
1418,43,g0,0.8
1419,95,g0,0.8
1420,31,g0,0.8
1421,51,g0,0.8
1422,2,g0,0.8
1423,13,g0,0.8
1424,99,g0,0.8
1425,97,g0,0.8
1426,0,g0,0.8
1427,96,g0,0.8
1428,66,g0,0.8
1429,87,g0,0.8
1430,43,g0,0.8
1431,53,g0,0.8
1432,47,g0,0.8
1433,67,g0,0.8
1434,12,g0,0.8
1435,1,g0,0.8
1436,30,g0,0.8
1437,71,g0,0.8
1438,20,g0,0.8
1439,68,g0,0.8
1440,98,g0,0.8
1441,8,g0,0.8
1442,68,g0,0.8
1443,42,g0,0.8
1444,88,g0,0.8
1445,14,g0,0.8
1446,69,g0,0.8
1447,86,g0,0.8
1448,96,g0,0.8
1449,68,g0,0.8
1450,49,g0,0.8
1451,64,g0,0.8
1452,88,g0,0.8
1453,58,g0,0.8
1454,1,g0,0.8
1455,95,g0,0.8
1456,69,g0,0.8
1457,68,g0,0.8
1458,20,g0,0.8
1459,67,g0,0.8
1460,38,g0,0.8
1461,66,g0,0.8
1462,10,g0,0.8
1463,67,g0,0.8
1464,99,g0,0.8
1465,3,g0,0.8
1466,98,g0,0.8
1467,40,g0,0.8
1468,88,g0,0.8
1469,78,g0,0.8
1470,57,g0,0.8
1471,76,g0,0.8
1472,88,g0,0.8
1473,40,g0,0.8
1474,31,g0,0.8
1475,67,g0,0.8
1476,81,g0,0.8
1477,77,g0,0.8
1478,79,g0,0.8
1479,42,g0,0.8
1480,84,g0,0.8
1481,11,g0,0.8
1482,56,g0,0.8
1483,0,g0,0.8
1484,31,g0,0.8
1485,34,g0,0.8
1486,39,g0,0.8
1487,69,g0,0.8
1488,37,g0,0.8
1489,43,g0,0.8
1490,22,g0,0.8
1491,34,g0,0.8
1492,21,g0,0.8
1493,4,g0,0.8
1494,60,g0,0.8
1495,68,g0,0.8
1496,64,g0,0.8
1497,43,g0,0.8
1498,34,g0,0.8
1499,87,g0,0.8
1500,54,g0,0.8
1501,44,g0,0.8
1502,1,g0,0.8
1503,32,g0,0.8
1504,35,g0,0.8
1505,39,g0,0.8
1506,58,g0,0.8
1507,55,g0,0.8
1508,61,g0,0.8
1509,77,g0,0.8
1510,83,g0,0.8
1511,74,g0,0.8
1512,97,g0,0.8
1513,1,g0,0.8
1514,18,g0,0.8
1515,0,g0,0.8
1516,66,g0,0.8
1517,89,g0,0.8
1518,22,g0,0.8
1519,95,g0,0.8
1520,3,g0,0.8
1521,95,g0,0.8
1522,33,g0,0.8
1523,10,g0,0.8
1524,46,g0,0.8
1525,23,g0,0.8
1526,26,g0,0.8
1527,30,g0,0.8
1528,80,g0,0.8
1529,56,g0,0.8
1530,30,g0,0.8
1531,62,g0,0.8
1532,74,g0,0.8
1533,24,g0,0.8
1534,40,g0,0.8
1535,11,g0,0.8
1536,15,g0,0.8
1537,68,g0,0.8
1538,15,g0,0.8
1539,55,g0,0.8
1540,72,g0,0.8
1541,10,g0,0.8
1542,57,g0,0.8
1543,23,g0,0.8
1544,97,g0,0.8
1545,45,g0,0.8
1546,81,g0,0.8
1547,56,g0,0.8
1548,2,g0,0.8
1549,65,g0,0.8
1550,96,g0,0.8
1551,60,g0,0.8
1552,84,g0,0.8
1553,89,g0,0.8
1554,21,g0,0.8
1555,20,g0,0.8
1556,62,g0,0.8
1557,40,g0,0.8
1558,86,g0,0.8
1559,90,g0,0.8
1560,33,g0,0.8
1561,22,g0,0.8
1562,78,g0,0.8
1563,24,g0,0.8
1564,85,g0,0.8
1565,41,g0,0.8
1566,67,g0,0.8
1567,8,g0,0.8
1568,65,g0,0.8
1569,43,g0,0.8
1570,59,g0,0.8
1571,14,g0,0.8
1572,76,g0,0.8
1573,87,g0,0.8
1574,21,g0,0.8
1575,8,g0,0.8
1576,1,g0,0.8
1577,66,g0,0.8
1578,61,g0,0.8
1579,56,g0,0.8
1580,21,g0,0.8
1581,37,g0,0.8
1582,59,g0,0.8
1583,49,g0,0.8
1584,99,g0,0.8
1585,12,g0,0.8
1586,69,g0,0.8
1587,40,g0,0.8
1588,41,g0,0.8
1589,74,g0,0.8
1590,69,g0,0.8
1591,99,g0,0.8
1592,11,g0,0.8
1593,10,g0,0.8
1594,75,g0,0.8
1595,58,g0,0.8
1596,24,g0,0.8
1597,4,g0,0.8
1598,6,g0,0.8
1599,89,g0,0.8
1600,17,g0,0.8
1601,31,g0,0.8
1602,21,g0,0.8
1603,33,g0,0.8
1604,4,g0,0.8
1605,54,g0,0.8
1606,4,g0,0.8
1607,80,g0,0.8
1608,22,g0,0.8
1609,56,g0,0.8
1610,88,g0,0.8
1611,66,g0,0.8
1612,55,g0,0.8
1613,31,g0,0.8
1614,32,g0,0.8
1615,68,g0,0.8
1616,99,g0,0.8
1617,67,g0,0.8
1618,57,g0,0.8
1619,75,g0,0.8
1620,44,g0,0.8
1621,3,g0,0.8
1622,57,g0,0.8
1623,97,g0,0.8
1624,14,g0,0.8
1625,69,g0,0.8
1626,20,g0,0.8
1627,55,g0,0.8
1628,9,g0,0.8
1629,43,g0,0.8
1630,77,g0,0.8
1631,32,g0,0.8
1632,67,g0,0.8
1633,79,g0,0.8
1634,95,g0,0.8
1635,22,g0,0.8
1636,39,g0,0.8
1637,13,g0,0.8
1638,99,g0,0.8
1639,95,g0,0.8
1640,56,g0,0.8
1641,86,g0,0.8
1642,55,g0,0.8
1643,65,g0,0.8
1644,7,g0,0.8
1645,77,g0,0.8
1646,11,g0,0.8
1647,85,g0,0.8
1648,78,g0,0.8
1649,72,g0,0.8
1650,2,g0,0.8
1651,30,g0,0.8
1652,23,g0,0.8
1653,33,g0,0.8
1654,6,g0,0.8
1655,96,g0,0.8
1656,57,g0,0.8
1657,30,g0,0.8
1658,39,g0,0.8
1659,42,g0,0.8
1660,60,g0,0.8
1661,53,g0,0.8
1662,94,g0,0.8
1663,49,g0,0.8
1664,99,g0,0.8
1665,86,g0,0.8
1666,20,g0,0.8
1667,95,g0,0.8
1668,11,g0,0.8
1669,84,g0,0.8
1670,35,g0,0.8
1671,88,g0,0.8
1672,88,g0,0.8
1673,81,g0,0.8
1674,79,g0,0.8
1675,30,g0,0.8
1676,5,g0,0.8
1677,40,g0,0.8
1678,14,g0,0.8
1679,69,g0,0.8
1680,32,g0,0.8
1681,98,g0,0.8
1682,66,g0,0.8
1683,85,g0,0.8
1684,12,g0,0.8
1685,87,g0,0.8
1686,95,g0,0.8
1687,46,g0,0.8
1688,61,g0,0.8
1689,77,g0,0.8
1690,14,g0,0.8
1691,50,g0,0.8
1692,39,g0,0.8
1693,12,g0,0.8
1694,34,g0,0.8
1695,4,g0,0.8
1696,1,g0,0.8
1697,12,g0,0.8
1698,97,g0,0.8
1699,56,g0,0.8
1700,97,g0,0.8
1701,42,g0,0.8
1702,30,g0,0.8
1703,51,g0,0.8
1704,42,g0,0.8
1705,10,g0,0.8
1706,66,g0,0.8
1707,21,g0,0.8
1708,64,g0,0.8
1709,66,g0,0.8
1710,13,g0,0.8
1711,3,g0,0.8
1712,78,g0,0.8
1713,43,g0,0.8
1714,3,g0,0.8
1715,99,g0,0.8
1716,3,g0,0.8
1717,69,g0,0.8
1718,98,g0,0.8
1719,22,g0,0.8
1720,12,g0,0.8
1721,11,g0,0.8
1722,30,g0,0.8
1723,10,g0,0.8
1724,69,g0,0.8
1725,3,g0,0.8
1726,52,g0,0.8
1727,99,g0,0.8
1728,83,g0,0.8
1729,63,g0,0.8
1730,30,g0,0.8
1731,65,g0,0.8
1732,55,g0,0.8
1733,41,g0,0.8
1734,11,g0,0.8
1735,89,g0,0.8
1736,43,g0,0.8
1737,18,g0,0.8
1738,34,g0,0.8
1739,40,g0,0.8
1740,85,g0,0.8
1741,75,g0,0.8
1742,78,g0,0.8
1743,0,g0,0.8
1744,41,g0,0.8
1745,45,g0,0.8
1746,1,g0,0.8
1747,23,g0,0.8
1748,77,g0,0.8
1749,12,g0,0.8
1750,55,g0,0.8
1751,20,g0,0.8
1752,0,g0,0.8
1753,22,g0,0.8
1754,98,g0,0.8
1755,80,g0,0.8
1756,97,g0,0.8
1757,46,g0,0.8
1758,10,g0,0.8
1759,56,g0,0.8
1760,43,g0,0.8
1761,86,g0,0.8
1762,9,g0,0.8
1763,47,g0,0.8
1764,13,g0,0.8
1765,31,g0,0.8
1766,76,g0,0.8
1767,44,g0,0.8
1768,34,g0,0.8
1769,38,g0,0.8
1770,43,g0,0.8
1771,79,g0,0.8
1772,89,g0,0.8
1773,97,g0,0.8
1774,79,g0,0.8
1775,30,g0,0.8
1776,69,g0,0.8
1777,42,g0,0.8
1778,23,g0,0.8
1779,86,g0,0.8
1780,2,g0,0.8
1781,90,g0,0.8
1782,43,g0,0.8
1783,66,g0,0.8
1784,67,g0,0.8
1785,89,g0,0.8
1786,66,g0,0.8
1787,63,g0,0.8
1788,4,g0,0.8
1789,54,g0,0.8
1790,13,g0,0.8
1791,76,g0,0.8
1792,53,g0,0.8
1793,68,g0,0.8
1794,2,g0,0.8
1795,6,g0,0.8
1796,74,g0,0.8
1797,4,g0,0.8
1798,4,g0,0.8
1799,0,g0,0.8
1800,97,g0,0.8
1801,76,g0,0.8
1802,33,g0,0.8
1803,29,g0,0.8
1804,33,g0,0.8
1805,78,g0,0.8
1806,67,g0,0.8
1807,16,g0,0.8
1808,14,g0,0.8
1809,9,g0,0.8
1810,67,g0,0.8
1811,77,g0,0.8
1812,24,g0,0.8
1813,1,g0,0.8
1814,5,g0,0.8
1815,97,g0,0.8
1816,28,g0,0.8
1817,78,g0,0.8
1818,65,g0,0.8
1819,35,g0,0.8
1820,20,g0,0.8
1821,11,g0,0.8
1822,63,g0,0.8
1823,78,g0,0.8
1824,66,g0,0.8
1825,55,g0,0.8
1826,2,g0,0.8
1827,98,g0,0.8
1828,79,g0,0.8
1829,28,g0,0.8
1830,98,g0,0.8
1831,60,g0,0.8
1832,58,g0,0.8
1833,76,g0,0.8
1834,82,g0,0.8
1835,67,g0,0.8
1836,11,g0,0.8
1837,32,g0,0.8
1838,95,g0,0.8
1839,21,g0,0.8
1840,34,g0,0.8
1841,42,g0,0.8
1842,42,g0,0.8
1843,63,g0,0.8
1844,96,g0,0.8
1845,22,g0,0.8
1846,11,g0,0.8
1847,19,g0,0.8
1848,89,g0,0.8
1849,66,g0,0.8
1850,26,g0,0.8
1851,83,g0,0.8
1852,87,g0,0.8
1853,86,g0,0.8
1854,94,g0,0.8
1855,23,g0,0.8
1856,77,g0,0.8
1857,43,g0,0.8
1858,86,g0,0.8
1859,75,g0,0.8
1860,78,g0,0.8
1861,67,g0,0.8
1862,14,g0,0.8
1863,56,g0,0.8
1864,99,g0,0.8
1865,96,g0,0.8
1866,2,g0,0.8
1867,14,g0,0.8
1868,11,g0,0.8
1869,75,g0,0.8
1870,84,g0,0.8
1871,20,g0,0.8
1872,51,g0,0.8
1873,86,g0,0.8
1874,75,g0,0.8
1875,56,g0,0.8
1876,59,g0,0.8
1877,52,g0,0.8
1878,29,g0,0.8
1879,57,g0,0.8
1880,69,g0,0.8
1881,88,g0,0.8
1882,66,g0,0.8
1883,77,g0,0.8
1884,13,g0,0.8
1885,43,g0,0.8
1886,0,g0,0.8
1887,22,g0,0.8
1888,75,g0,0.8
1889,99,g0,0.8
1890,9,g0,0.8
1891,40,g0,0.8
1892,80,g0,0.8
1893,20,g0,0.8
1894,57,g0,0.8
1895,75,g0,0.8
1896,63,g0,0.8
1897,17,g0,0.8
1898,33,g0,0.8
1899,78,g0,0.8
1900,57,g0,0.8
1901,0,g0,0.8
1902,77,g0,0.8
1903,2,g0,0.8
1904,76,g0,0.8
1905,20,g0,0.8
1906,97,g0,0.8
1907,34,g0,0.8
1908,31,g0,0.8
1909,13,g0,0.8
1910,30,g0,0.8
1911,88,g0,0.8
1912,99,g0,0.8
1913,34,g0,0.8
1914,43,g0,0.8
1915,75,g0,0.8
1916,89,g0,0.8
1917,59,g0,0.8
1918,37,g0,0.8
1919,40,g0,0.8
1920,69,g0,0.8
1921,0,g0,0.8
1922,64,g0,0.8
1923,33,g0,0.8
1924,79,g0,0.8
1925,8,g0,0.8
1926,59,g0,0.8
1927,45,g0,0.8
1928,66,g0,0.8
1929,4,g0,0.8
1930,58,g0,0.8
1931,57,g0,0.8
1932,57,g0,0.8
1933,60,g0,0.8
1934,68,g0,0.8
1935,81,g0,0.8
1936,24,g0,0.8
1937,85,g0,0.8
1938,49,g0,0.8
1939,4,g0,0.8
1940,3,g0,0.8
1941,32,g0,0.8
1942,79,g0,0.8
1943,71,g0,0.8
1944,79,g0,0.8
1945,54,g0,0.8
1946,42,g0,0.8
1947,12,g0,0.8
1948,31,g0,0.8
1949,42,g0,0.8
1950,7,g0,0.8
1951,21,g0,0.8
1952,59,g0,0.8
1953,75,g0,0.8
1954,99,g0,0.8
1955,95,g0,0.8
1956,66,g0,0.8
1957,41,g0,0.8
1958,66,g0,0.8
1959,79,g0,0.8
1960,11,g0,0.8
1961,40,g0,0.8
1962,86,g0,0.8
1963,35,g0,0.8
1964,58,g0,0.8
1965,59,g0,0.8
1966,16,g0,0.8
1967,33,g0,0.8
1968,32,g0,0.8
1969,1,g0,0.8
1970,1,g0,0.8
1971,85,g0,0.8
1972,24,g0,0.8
1973,54,g0,0.8
1974,29,g0,0.8
1975,96,g0,0.8
1976,23,g0,0.8
1977,41,g0,0.8
1978,88,g0,0.8
1979,86,g0,0.8
1980,16,g0,0.8
1981,80,g0,0.8
1982,43,g0,0.8
1983,45,g0,0.8
1984,12,g0,0.8
1985,5,g0,0.8
1986,75,g0,0.8
1987,49,g0,0.8
1988,42,g0,0.8
1989,75,g0,0.8
1990,77,g0,0.8
1991,13,g0,0.8
1992,62,g0,0.8
1993,12,g0,0.8
1994,76,g0,0.8
1995,67,g0,0.8
1996,97,g0,0.8
1997,4,g0,0.8
1998,3,g0,0.8
1999,25,g0,0.8
2000,23,g0,0.8
2001,22,g0,0.8
2002,91,g0,0.8
2003,23,g0,0.8
2004,24,g0,0.8
2005,77,g0,0.8
2006,43,g0,0.8
2007,78,g0,0.8
2008,4,g0,0.8
2009,46,g0,0.8
2010,2,g0,0.8
2011,3,g0,0.8
2012,91,g0,0.8
2013,12,g0,0.8
2014,55,g0,0.8
2015,40,g0,0.8
2016,32,g0,0.8
2017,89,g0,0.8
2018,1,g0,0.8
2019,67,g0,0.8
2020,97,g0,0.8
2021,57,g0,0.8
2022,96,g0,0.8
2023,3,g0,0.8
2024,41,g0,0.8
2025,23,g0,0.8
2026,75,g0,0.8
2027,98,g0,0.8
2028,23,g0,0.8
2029,67,g0,0.8
2030,19,g0,0.8
2031,57,g0,0.8
2032,43,g0,0.8
2033,98,g0,0.8
2034,62,g0,0.8
2035,33,g0,0.8
2036,10,g0,0.8
2037,13,g0,0.8
2038,21,g0,0.8
2039,23,g0,0.8
2040,86,g0,0.8
2041,57,g0,0.8
2042,55,g0,0.8
2043,10,g0,0.8
2044,87,g0,0.8
2045,75,g0,0.8
2046,4,g0,0.8
2047,71,g0,0.8
2048,56,g0,0.8
2049,5,g0,0.8
2050,43,g0,0.8
2051,46,g0,0.8
2052,14,g0,0.8
2053,96,g0,0.8
2054,86,g0,0.8
2055,68,g0,0.8
2056,43,g0,0.8
2057,40,g0,0.8
2058,66,g0,0.8
2059,56,g0,0.8
2060,3,g0,0.8
2061,53,g0,0.8
2062,81,g0,0.8
2063,43,g0,0.8
2064,3,g0,0.8
2065,79,g0,0.8
2066,20,g0,0.8
2067,23,g0,0.8
2068,14,g0,0.8
2069,31,g0,0.8
2070,77,g0,0.8
2071,54,g0,0.8
2072,20,g0,0.8
2073,88,g0,0.8
2074,88,g0,0.8
2075,88,g0,0.8
2076,22,g0,0.8
2077,43,g0,0.8
2078,99,g0,0.8
2079,78,g0,0.8
2080,1,g0,0.8
2081,4,g0,0.8
2082,43,g0,0.8
2083,92,g0,0.8
2084,56,g0,0.8
2085,49,g0,0.8
2086,10,g0,0.8
2087,67,g0,0.8
2088,85,g0,0.8
2089,35,g0,0.8
2090,78,g0,0.8
2091,97,g0,0.8
2092,20,g0,0.8
2093,55,g0,0.8
2094,26,g0,0.8
2095,79,g0,0.8
2096,58,g0,0.8
2097,65,g0,0.8
2098,79,g0,0.8
2099,38,g0,0.8
2100,93,g0,0.8
2101,55,g0,0.8
2102,13,g0,0.8
2103,69,g0,0.8
2104,79,g0,0.8
2105,31,g0,0.8
2106,87,g0,0.8
2107,91,g0,0.8
2108,24,g0,0.8
2109,98,g0,0.8
2110,12,g0,0.8
2111,20,g0,0.8
2112,16,g0,0.8
2113,89,g0,0.8
2114,67,g0,0.8
2115,13,g0,0.8
2116,42,g0,0.8
2117,63,g0,0.8
2118,5,g0,0.8
2119,88,g0,0.8
2120,80,g0,0.8
2121,51,g0,0.8
2122,97,g0,0.8
2123,41,g0,0.8
2124,99,g0,0.8
2125,67,g0,0.8
2126,65,g0,0.8
2127,14,g0,0.8
2128,88,g0,0.8
2129,41,g0,0.8
2130,13,g0,0.8
2131,0,g0,0.8
2132,57,g0,0.8
2133,55,g0,0.8
2134,74,g0,0.8
2135,89,g0,0.8
2136,4,g0,0.8
2137,75,g0,0.8
2138,16,g0,0.8
2139,87,g0,0.8
2140,84,g0,0.8
2141,56,g0,0.8
2142,72,g0,0.8
2143,30,g0,0.8
2144,44,g0,0.8
2145,85,g0,0.8
2146,43,g0,0.8
2147,33,g0,0.8
2148,48,g0,0.8
2149,85,g0,0.8
2150,32,g0,0.8
2151,14,g0,0.8
2152,73,g0,0.8
2153,85,g0,0.8
2154,10,g0,0.8
2155,22,g0,0.8
2156,12,g0,0.8
2157,32,g0,0.8
2158,43,g0,0.8
2159,76,g0,0.8
2160,66,g0,0.8
2161,65,g0,0.8
2162,33,g0,0.8
2163,86,g0,0.8
2164,44,g0,0.8
2165,98,g0,0.8
2166,65,g0,0.8
2167,11,g0,0.8
2168,68,g0,0.8
2169,31,g0,0.8
2170,69,g0,0.8
2171,4,g0,0.8
2172,14,g0,0.8
2173,87,g0,0.8
2174,21,g0,0.8
2175,86,g0,0.8
2176,24,g0,0.8
2177,66,g0,0.8
2178,69,g0,0.8
2179,53,g0,0.8
2180,30,g0,0.8
2181,20,g0,0.8
2182,2,g0,0.8
2183,30,g0,0.8
2184,67,g0,0.8
2185,96,g0,0.8
2186,88,g0,0.8
2187,77,g0,0.8
2188,79,g0,0.8
2189,67,g0,0.8
2190,23,g0,0.8
2191,91,g0,0.8
2192,68,g0,0.8
2193,57,g0,0.8
2194,10,g0,0.8
2195,42,g0,0.8
2196,43,g0,0.8
2197,87,g0,0.8
2198,56,g0,0.8
2199,35,g0,0.8
2200,98,g0,0.8
2201,10,g0,0.8
2202,41,g0,0.8
2203,2,g0,0.8
2204,76,g0,0.8
2205,94,g0,0.8
2206,25,g0,0.8
2207,87,g0,0.8
2208,28,g0,0.8
2209,92,g0,0.8
2210,77,g0,0.8
2211,81,g0,0.8
2212,1,g0,0.8
2213,97,g0,0.8
2214,75,g0,0.8
2215,30,g0,0.8
2216,85,g0,0.8
2217,25,g0,0.8
2218,88,g0,0.8
2219,10,g0,0.8
2220,70,g0,0.8
2221,56,g0,0.8
2222,9,g0,0.8
2223,22,g0,0.8
2224,0,g0,0.8
2225,44,g0,0.8
2226,30,g0,0.8
2227,59,g0,0.8
2228,29,g0,0.8
2229,29,g0,0.8
2230,76,g0,0.8
2231,3,g0,0.8
2232,90,g0,0.8
2233,87,g0,0.8
2234,67,g0,0.8
2235,59,g0,0.8
2236,89,g0,0.8
2237,16,g0,0.8
2238,4,g0,0.8
2239,22,g0,0.8
2240,79,g0,0.8
2241,2,g0,0.8
2242,58,g0,0.8
2243,99,g0,0.8
2244,87,g0,0.8
2245,55,g0,0.8
2246,3,g0,0.8
2247,85,g0,0.8
2248,59,g0,0.8
2249,10,g0,0.8
2250,8,g0,0.8
2251,92,g0,0.8
2252,68,g0,0.8
2253,85,g0,0.8
2254,88,g0,0.8
2255,58,g0,0.8
2256,54,g0,0.8
2257,41,g0,0.8
2258,31,g0,0.8
2259,42,g0,0.8
2260,78,g0,0.8
2261,60,g0,0.8
2262,89,g0,0.8
2263,42,g0,0.8
2264,61,g0,0.8
2265,65,g0,0.8
2266,59,g0,0.8
2267,70,g0,0.8
2268,22,g0,0.8
2269,53,g0,0.8
2270,10,g0,0.8
2271,36,g0,0.8
2272,46,g0,0.8
2273,67,g0,0.8
2274,96,g0,0.8
2275,60,g0,0.8
2276,76,g0,0.8
2277,51,g0,0.8
2278,65,g0,0.8
2279,4,g0,0.8
2280,23,g0,0.8
2281,33,g0,0.8
2282,44,g0,0.8
2283,2,g0,0.8
2284,12,g0,0.8
2285,24,g0,0.8
2286,98,g0,0.8
2287,31,g0,0.8
2288,45,g0,0.8
2289,19,g0,0.8
2290,62,g0,0.8
2291,25,g0,0.8
2292,20,g0,0.8
2293,54,g0,0.8
2294,0,g0,0.8
2295,0,g0,0.8
2296,21,g0,0.8
2297,2,g0,0.8
2298,10,g0,0.8
2299,32,g0,0.8
2300,80,g0,0.8
2301,58,g0,0.8
2302,53,g0,0.8
2303,28,g0,0.8
2304,95,g0,0.8
2305,39,g0,0.8
2306,6,g0,0.8
2307,64,g0,0.8
2308,10,g0,0.8
2309,32,g0,0.8
2310,51,g0,0.8
2311,88,g0,0.8
2312,48,g0,0.8
2313,70,g0,0.8
2314,99,g0,0.8
2315,11,g0,0.8
2316,24,g0,0.8
2317,38,g0,0.8
2318,41,g0,0.8
2319,40,g0,0.8
2320,91,g0,0.8
2321,73,g0,0.8
2322,61,g0,0.8
2323,30,g0,0.8
2324,85,g0,0.8
2325,97,g0,0.8
2326,85,g0,0.8
2327,0,g0,0.8
2328,66,g0,0.8
2329,3,g0,0.8
2330,23,g0,0.8
2331,3,g0,0.8
2332,60,g0,0.8
2333,69,g0,0.8
2334,10,g0,0.8
2335,35,g0,0.8
2336,43,g0,0.8
2337,34,g0,0.8
2338,11,g0,0.8
2339,41,g0,0.8
2340,76,g0,0.8
2341,4,g0,0.8
2342,5,g0,0.8
2343,33,g0,0.8
2344,96,g0,0.8
2345,68,g0,0.8
2346,68,g0,0.8
2347,33,g0,0.8
2348,59,g0,0.8
2349,0,g0,0.8
2350,66,g0,0.8
2351,93,g0,0.8
2352,63,g0,0.8
2353,88,g0,0.8
2354,75,g0,0.8
2355,11,g0,0.8
2356,90,g0,0.8
2357,4,g0,0.8
2358,55,g0,0.8
2359,12,g0,0.8
2360,0,g0,0.8
2361,41,g0,0.8
2362,28,g0,0.8
2363,46,g0,0.8
2364,58,g0,0.8
2365,2,g0,0.8
2366,11,g0,0.8
2367,57,g0,0.8
2368,32,g0,0.8
2369,75,g0,0.8
2370,67,g0,0.8
2371,86,g0,0.8
2372,69,g0,0.8
2373,41,g0,0.8
2374,68,g0,0.8
2375,24,g0,0.8
2376,30,g0,0.8
2377,79,g0,0.8
2378,42,g0,0.8
2379,79,g0,0.8
2380,85,g0,0.8
2381,87,g0,0.8
2382,94,g0,0.8
2383,41,g0,0.8
2384,31,g0,0.8
2385,58,g0,0.8
2386,34,g0,0.8
2387,60,g0,0.8
2388,71,g0,0.8
2389,69,g0,0.8
2390,34,g0,0.8
2391,14,g0,0.8
2392,41,g0,0.8
2393,12,g0,0.8
2394,89,g0,0.8
2395,32,g0,0.8
2396,13,g0,0.8
2397,1,g0,0.8
2398,66,g0,0.8
2399,66,g0,0.8
2400,32,g0,0.8
2401,4,g0,0.8
2402,40,g0,0.8
2403,30,g0,0.8
2404,68,g0,0.8
2405,61,g0,0.8
2406,34,g0,0.8
2407,21,g0,0.8
2408,99,g0,0.8
2409,43,g0,0.8
2410,69,g0,0.8
2411,12,g0,0.8
2412,46,g0,0.8
2413,1,g0,0.8
2414,51,g0,0.8
2415,97,g0,0.8
2416,36,g0,0.8
2417,2,g0,0.8
2418,1,g0,0.8
2419,36,g0,0.8
2420,13,g0,0.8
2421,1,g0,0.8
2422,77,g0,0.8
2423,43,g0,0.8
2424,27,g0,0.8
2425,90,g0,0.8
2426,11,g0,0.8
2427,97,g0,0.8
2428,30,g0,0.8
2429,89,g0,0.8
2430,60,g0,0.8
2431,85,g0,0.8
2432,99,g0,0.8
2433,27,g0,0.8
2434,97,g0,0.8
2435,37,g0,0.8
2436,36,g0,0.8
2437,32,g0,0.8
2438,56,g0,0.8
2439,13,g0,0.8
2440,57,g0,0.8
2441,56,g0,0.8
2442,77,g0,0.8
2443,85,g0,0.8
2444,42,g0,0.8
2445,30,g0,0.8
2446,23,g0,0.8
2447,18,g0,0.8
2448,3,g0,0.8
2449,32,g0,0.8
2450,24,g0,0.8
2451,97,g0,0.8
2452,57,g0,0.8
2453,32,g0,0.8
2454,58,g0,0.8
2455,12,g0,0.8
2456,42,g0,0.8
2457,65,g0,0.8
2458,47,g0,0.8
2459,40,g0,0.8
2460,99,g0,0.8
2461,88,g0,0.8
2462,65,g0,0.8
2463,58,g0,0.8
2464,65,g0,0.8
2465,20,g0,0.8
2466,38,g0,0.8
2467,2,g0,0.8
2468,44,g0,0.8
2469,56,g0,0.8
2470,21,g0,0.8
2471,97,g0,0.8
2472,92,g0,0.8
2473,75,g0,0.8
2474,55,g0,0.8
2475,88,g0,0.8
2476,11,g0,0.8
2477,79,g0,0.8
2478,11,g0,0.8
2479,79,g0,0.8
2480,24,g0,0.8
2481,88,g0,0.8
2482,96,g0,0.8
2483,13,g0,0.8
2484,43,g0,0.8
2485,98,g0,0.8
2486,45,g0,0.8
2487,87,g0,0.8
2488,59,g0,0.8
2489,34,g0,0.8
2490,26,g0,0.8
2491,20,g0,0.8
2492,77,g0,0.8
2493,36,g0,0.8
2494,52,g0,0.8
2495,48,g0,0.8
2496,58,g0,0.8
2497,87,g0,0.8
2498,98,g0,0.8
2499,40,g0,0.8
2500,81,g1,0.8
2501,74,g1,0.8
2502,54,g1,0.8
2503,93,g1,0.8
2504,20,g1,0.8
2505,12,g1,0.8
2506,83,g1,0.8
2507,46,g1,0.8
2508,82,g1,0.8
2509,88,g1,0.8
2510,7,g1,0.8
2511,85,g1,0.8
2512,46,g1,0.8
2513,50,g1,0.8
2514,61,g1,0.8
2515,91,g1,0.8
2516,4,g1,0.8
2517,48,g1,0.8
2518,66,g1,0.8
2519,71,g1,0.8
2520,68,g1,0.8
2521,15,g1,0.8
2522,29,g1,0.8
2523,37,g1,0.8
2524,80,g1,0.8
2525,28,g1,0.8
2526,22,g1,0.8
2527,93,g1,0.8
2528,2,g1,0.8
2529,99,g1,0.8
2530,64,g1,0.8
2531,81,g1,0.8
2532,29,g1,0.8
2533,3,g1,0.8
2534,72,g1,0.8
2535,82,g1,0.8
2536,72,g1,0.8
2537,16,g1,0.8
2538,73,g1,0.8
2539,74,g1,0.8
2540,63,g1,0.8
2541,74,g1,0.8
2542,82,g1,0.8
2543,60,g1,0.8
2544,9,g1,0.8
2545,49,g1,0.8
2546,8,g1,0.8
2547,41,g1,0.8
2548,41,g1,0.8
2549,7,g1,0.8
2550,36,g1,0.8
2551,12,g1,0.8
2552,80,g1,0.8
2553,92,g1,0.8
2554,8,g1,0.8
2555,93,g1,0.8
2556,51,g1,0.8
2557,29,g1,0.8
2558,8,g1,0.8
2559,50,g1,0.8
2560,78,g1,0.8
2561,70,g1,0.8
2562,6,g1,0.8
2563,8,g1,0.8
2564,40,g1,0.8
2565,29,g1,0.8
2566,25,g1,0.8
2567,28,g1,0.8
2568,80,g1,0.8
2569,91,g1,0.8
2570,41,g1,0.8
2571,90,g1,0.8
2572,35,g1,0.8
2573,48,g1,0.8
2574,25,g1,0.8
2575,62,g1,0.8
2576,94,g1,0.8
2577,60,g1,0.8
2578,37,g1,0.8
2579,62,g1,0.8
2580,15,g1,0.8
2581,87,g1,0.8
2582,50,g1,0.8
2583,46,g1,0.8
2584,56,g1,0.8
2585,61,g1,0.8
2586,8,g1,0.8
2587,65,g1,0.8
2588,26,g1,0.8
2589,70,g1,0.8
2590,81,g1,0.8
2591,80,g1,0.8
2592,53,g1,0.8
2593,51,g1,0.8
2594,16,g1,0.8
2595,74,g1,0.8
2596,28,g1,0.8
2597,49,g1,0.8
2598,29,g1,0.8
2599,15,g1,0.8
2600,61,g1,0.8
2601,7,g1,0.8
2602,73,g1,0.8
2603,34,g1,0.8
2604,0,g1,0.8
2605,50,g1,0.8
2606,6,g1,0.8
2607,28,g1,0.8
2608,70,g1,0.8
2609,7,g1,0.8
2610,82,g1,0.8
2611,0,g1,0.8
2612,26,g1,0.8
2613,72,g1,0.8
2614,34,g1,0.8
2615,10,g1,0.8
2616,37,g1,0.8
2617,28,g1,0.8
2618,82,g1,0.8
2619,33,g1,0.8
2620,77,g1,0.8
2621,87,g1,0.8
2622,45,g1,0.8
2623,90,g1,0.8
2624,38,g1,0.8
2625,94,g1,0.8
2626,9,g1,0.8
2627,66,g1,0.8
2628,49,g1,0.8
2629,39,g1,0.8
2630,62,g1,0.8
2631,70,g1,0.8
2632,1,g1,0.8
2633,17,g1,0.8
2634,70,g1,0.8
2635,64,g1,0.8
2636,94,g1,0.8
2637,73,g1,0.8
2638,93,g1,0.8
2639,70,g1,0.8
2640,29,g1,0.8
2641,11,g1,0.8
2642,75,g1,0.8
2643,62,g1,0.8
2644,6,g1,0.8
2645,37,g1,0.8
2646,93,g1,0.8
2647,50,g1,0.8
2648,45,g1,0.8
2649,47,g1,0.8
2650,22,g1,0.8
2651,38,g1,0.8
2652,38,g1,0.8
2653,7,g1,0.8
2654,74,g1,0.8
2655,44,g1,0.8
2656,81,g1,0.8
2657,83,g1,0.8
2658,22,g1,0.8
2659,63,g1,0.8
2660,48,g1,0.8
2661,85,g1,0.8
2662,23,g1,0.8
2663,64,g1,0.8
2664,60,g1,0.8
2665,29,g1,0.8
2666,16,g1,0.8
2667,63,g1,0.8
2668,72,g1,0.8
2669,33,g1,0.8
2670,62,g1,0.8
2671,39,g1,0.8
2672,70,g1,0.8
2673,19,g1,0.8
2674,87,g1,0.8
2675,29,g1,0.8
2676,37,g1,0.8
2677,7,g1,0.8
2678,12,g1,0.8
2679,50,g1,0.8
2680,27,g1,0.8
2681,82,g1,0.8
2682,3,g1,0.8
2683,38,g1,0.8
2684,36,g1,0.8
2685,4,g1,0.8
2686,15,g1,0.8
2687,43,g1,0.8
2688,49,g1,0.8
2689,41,g1,0.8
2690,51,g1,0.8
2691,58,g1,0.8
2692,2,g1,0.8
2693,47,g1,0.8
2694,93,g1,0.8
2695,51,g1,0.8
2696,64,g1,0.8
2697,32,g1,0.8
2698,74,g1,0.8
2699,74,g1,0.8
2700,51,g1,0.8
2701,94,g1,0.8
2702,15,g1,0.8
2703,4,g1,0.8
2704,74,g1,0.8
2705,80,g1,0.8
2706,15,g1,0.8
2707,27,g1,0.8
2708,4,g1,0.8
2709,29,g1,0.8
2710,74,g1,0.8
2711,51,g1,0.8
2712,36,g1,0.8
2713,38,g1,0.8
2714,0,g1,0.8
2715,29,g1,0.8
2716,62,g1,0.8
2717,94,g1,0.8
2718,82,g1,0.8
2719,5,g1,0.8
2720,89,g1,0.8
2721,75,g1,0.8
2722,75,g1,0.8
2723,47,g1,0.8
2724,39,g1,0.8
2725,30,g1,0.8
2726,7,g1,0.8
2727,25,g1,0.8
2728,26,g1,0.8
2729,49,g1,0.8
2730,72,g1,0.8
2731,48,g1,0.8
2732,7,g1,0.8
2733,93,g1,0.8
2734,92,g1,0.8
2735,76,g1,0.8
2736,97,g1,0.8
2737,52,g1,0.8
2738,93,g1,0.8
2739,8,g1,0.8
2740,37,g1,0.8
2741,25,g1,0.8
2742,19,g1,0.8
2743,16,g1,0.8
2744,61,g1,0.8
2745,75,g1,0.8
2746,54,g1,0.8
2747,16,g1,0.8
2748,80,g1,0.8
2749,62,g1,0.8
2750,39,g1,0.8
2751,64,g1,0.8
2752,27,g1,0.8
2753,36,g1,0.8
2754,91,g1,0.8
2755,29,g1,0.8
2756,48,g1,0.8
2757,87,g1,0.8
2758,70,g1,0.8
2759,7,g1,0.8
2760,16,g1,0.8
2761,1,g1,0.8
2762,61,g1,0.8
2763,46,g1,0.8
2764,15,g1,0.8
2765,93,g1,0.8
2766,51,g1,0.8
2767,26,g1,0.8
2768,50,g1,0.8
2769,64,g1,0.8
2770,8,g1,0.8
2771,28,g1,0.8
2772,80,g1,0.8
2773,47,g1,0.8
2774,52,g1,0.8
2775,45,g1,0.8
2776,6,g1,0.8
2777,17,g1,0.8
2778,46,g1,0.8
2779,22,g1,0.8
2780,6,g1,0.8
2781,82,g1,0.8
2782,95,g1,0.8
2783,78,g1,0.8
2784,83,g1,0.8
2785,26,g1,0.8
2786,93,g1,0.8
2787,19,g1,0.8
2788,93,g1,0.8
2789,98,g1,0.8
2790,70,g1,0.8
2791,95,g1,0.8
2792,54,g1,0.8
2793,27,g1,0.8
2794,46,g1,0.8
2795,58,g1,0.8
2796,8,g1,0.8
2797,61,g1,0.8
2798,95,g1,0.8
2799,19,g1,0.8
2800,78,g1,0.8
2801,90,g1,0.8
2802,92,g1,0.8
2803,93,g1,0.8
2804,51,g1,0.8
2805,94,g1,0.8
2806,73,g1,0.8
2807,17,g1,0.8
2808,48,g1,0.8
2809,71,g1,0.8
2810,26,g1,0.8
2811,62,g1,0.8
2812,64,g1,0.8
2813,17,g1,0.8
2814,54,g1,0.8
2815,74,g1,0.8
2816,49,g1,0.8
2817,3,g1,0.8
2818,2,g1,0.8
2819,37,g1,0.8
2820,91,g1,0.8
2821,25,g1,0.8
2822,62,g1,0.8
2823,25,g1,0.8
2824,35,g1,0.8
2825,83,g1,0.8
2826,71,g1,0.8
2827,9,g1,0.8
2828,45,g1,0.8
2829,5,g1,0.8
2830,48,g1,0.8
2831,63,g1,0.8
2832,14,g1,0.8
2833,29,g1,0.8
2834,39,g1,0.8
2835,91,g1,0.8
2836,98,g1,0.8
2837,6,g1,0.8
2838,73,g1,0.8
2839,38,g1,0.8
2840,39,g1,0.8
2841,73,g1,0.8
2842,91,g1,0.8
2843,93,g1,0.8
2844,54,g1,0.8
2845,37,g1,0.8
2846,76,g1,0.8
2847,26,g1,0.8
2848,54,g1,0.8
2849,37,g1,0.8
2850,63,g1,0.8
2851,26,g1,0.8
2852,19,g1,0.8
2853,91,g1,0.8
2854,10,g1,0.8
2855,50,g1,0.8
2856,25,g1,0.8
2857,6,g1,0.8
2858,6,g1,0.8
2859,18,g1,0.8
2860,84,g1,0.8
2861,28,g1,0.8
2862,93,g1,0.8
2863,55,g1,0.8
2864,46,g1,0.8
2865,55,g1,0.8
2866,51,g1,0.8
2867,73,g1,0.8
2868,28,g1,0.8
2869,37,g1,0.8
2870,88,g1,0.8
2871,92,g1,0.8
2872,88,g1,0.8
2873,44,g1,0.8
2874,75,g1,0.8
2875,48,g1,0.8
2876,49,g1,0.8
2877,21,g1,0.8
2878,57,g1,0.8
2879,19,g1,0.8
2880,35,g1,0.8
2881,83,g1,0.8
2882,21,g1,0.8
2883,8,g1,0.8
2884,8,g1,0.8
2885,92,g1,0.8
2886,50,g1,0.8
2887,42,g1,0.8
2888,80,g1,0.8
2889,82,g1,0.8
2890,35,g1,0.8
2891,68,g1,0.8
2892,74,g1,0.8
2893,63,g1,0.8
2894,16,g1,0.8
2895,84,g1,0.8
2896,52,g1,0.8
2897,28,g1,0.8
2898,45,g1,0.8
2899,6,g1,0.8
2900,15,g1,0.8
2901,74,g1,0.8
2902,0,g1,0.8
2903,44,g1,0.8
2904,51,g1,0.8
2905,7,g1,0.8
2906,94,g1,0.8
2907,25,g1,0.8
2908,31,g1,0.8
2909,30,g1,0.8
2910,25,g1,0.8
2911,0,g1,0.8
2912,71,g1,0.8
2913,94,g1,0.8
2914,25,g1,0.8
2915,63,g1,0.8
2916,72,g1,0.8
2917,83,g1,0.8
2918,45,g1,0.8
2919,30,g1,0.8
2920,35,g1,0.8
2921,70,g1,0.8
2922,81,g1,0.8
2923,18,g1,0.8
2924,38,g1,0.8
2925,90,g1,0.8
2926,80,g1,0.8
2927,96,g1,0.8
2928,73,g1,0.8
2929,39,g1,0.8
2930,57,g1,0.8
2931,63,g1,0.8
2932,8,g1,0.8
2933,52,g1,0.8
2934,70,g1,0.8
2935,17,g1,0.8
2936,75,g1,0.8
2937,55,g1,0.8
2938,93,g1,0.8
2939,6,g1,0.8
2940,27,g1,0.8
2941,60,g1,0.8
2942,29,g1,0.8
2943,70,g1,0.8
2944,73,g1,0.8
2945,10,g1,0.8
2946,50,g1,0.8
2947,50,g1,0.8
2948,38,g1,0.8
2949,92,g1,0.8
2950,81,g1,0.8
2951,69,g1,0.8
2952,70,g1,0.8
2953,47,g1,0.8
2954,91,g1,0.8
2955,68,g1,0.8
2956,71,g1,0.8
2957,83,g1,0.8
2958,28,g1,0.8
2959,80,g1,0.8
2960,19,g1,0.8
2961,36,g1,0.8
2962,35,g1,0.8
2963,94,g1,0.8
2964,83,g1,0.8
2965,70,g1,0.8
2966,71,g1,0.8
2967,53,g1,0.8
2968,92,g1,0.8
2969,49,g1,0.8
2970,38,g1,0.8
2971,17,g1,0.8
2972,76,g1,0.8
2973,72,g1,0.8
2974,39,g1,0.8
2975,5,g1,0.8
2976,82,g1,0.8
2977,2,g1,0.8
2978,70,g1,0.8
2979,94,g1,0.8
2980,46,g1,0.8
2981,25,g1,0.8
2982,70,g1,0.8
2983,81,g1,0.8
2984,52,g1,0.8
2985,94,g1,0.8
2986,6,g1,0.8
2987,50,g1,0.8
2988,71,g1,0.8
2989,83,g1,0.8
2990,18,g1,0.8
2991,80,g1,0.8
2992,53,g1,0.8
2993,39,g1,0.8
2994,15,g1,0.8
2995,84,g1,0.8
2996,17,g1,0.8
2997,32,g1,0.8
2998,29,g1,0.8
2999,84,g1,0.8
3000,64,g1,0.8
3001,79,g1,0.8
3002,26,g1,0.8
3003,61,g1,0.8
3004,54,g1,0.8
3005,82,g1,0.8
3006,90,g1,0.8
3007,3,g1,0.8
3008,64,g1,0.8
3009,6,g1,0.8
3010,53,g1,0.8
3011,29,g1,0.8
3012,31,g1,0.8
3013,37,g1,0.8
3014,61,g1,0.8
3015,35,g1,0.8
3016,72,g1,0.8
3017,41,g1,0.8
3018,8,g1,0.8
3019,75,g1,0.8
3020,29,g1,0.8
3021,45,g1,0.8
3022,66,g1,0.8
3023,35,g1,0.8
3024,7,g1,0.8
3025,38,g1,0.8
3026,92,g1,0.8
3027,62,g1,0.8
3028,64,g1,0.8
3029,62,g1,0.8
3030,19,g1,0.8
3031,44,g1,0.8
3032,73,g1,0.8
3033,10,g1,0.8
3034,28,g1,0.8
3035,28,g1,0.8
3036,45,g1,0.8
3037,95,g1,0.8
3038,7,g1,0.8
3039,51,g1,0.8
3040,18,g1,0.8
3041,94,g1,0.8
3042,13,g1,0.8
3043,40,g1,0.8
3044,72,g1,0.8
3045,70,g1,0.8
3046,45,g1,0.8
3047,36,g1,0.8
3048,39,g1,0.8
3049,27,g1,0.8
3050,21,g1,0.8
3051,48,g1,0.8
3052,28,g1,0.8
3053,29,g1,0.8
3054,63,g1,0.8
3055,94,g1,0.8
3056,60,g1,0.8
3057,8,g1,0.8
3058,8,g1,0.8
3059,93,g1,0.8
3060,29,g1,0.8
3061,9,g1,0.8
3062,59,g1,0.8
3063,61,g1,0.8
3064,63,g1,0.8
3065,27,g1,0.8
3066,3,g1,0.8
3067,94,g1,0.8
3068,26,g1,0.8
3069,64,g1,0.8
3070,70,g1,0.8
3071,60,g1,0.8
3072,33,g1,0.8
3073,28,g1,0.8
3074,59,g1,0.8
3075,84,g1,0.8
3076,92,g1,0.8
3077,11,g1,0.8
3078,17,g1,0.8
3079,92,g1,0.8
3080,72,g1,0.8
3081,85,g1,0.8
3082,20,g1,0.8
3083,56,g1,0.8
3084,70,g1,0.8
3085,65,g1,0.8
3086,42,g1,0.8
3087,3,g1,0.8
3088,55,g1,0.8
3089,27,g1,0.8
3090,46,g1,0.8
3091,93,g1,0.8
3092,39,g1,0.8
3093,82,g1,0.8
3094,19,g1,0.8
3095,64,g1,0.8
3096,94,g1,0.8
3097,10,g1,0.8
3098,2,g1,0.8
3099,45,g1,0.8
3100,9,g1,0.8
3101,73,g1,0.8
3102,90,g1,0.8
3103,45,g1,0.8
3104,27,g1,0.8
3105,45,g1,0.8
3106,71,g1,0.8
3107,2,g1,0.8
3108,57,g1,0.8
3109,60,g1,0.8
3110,62,g1,0.8
3111,26,g1,0.8
3112,70,g1,0.8
3113,9,g1,0.8
3114,19,g1,0.8
3115,84,g1,0.8
3116,72,g1,0.8
3117,3,g1,0.8
3118,26,g1,0.8
3119,23,g1,0.8
3120,28,g1,0.8
3121,26,g1,0.8
3122,7,g1,0.8
3123,47,g1,0.8
3124,72,g1,0.8
3125,60,g1,0.8
3126,64,g1,0.8
3127,8,g1,0.8
3128,93,g1,0.8
3129,82,g1,0.8
3130,80,g1,0.8
3131,81,g1,0.8
3132,92,g1,0.8
3133,52,g1,0.8
3134,20,g1,0.8
3135,61,g1,0.8
3136,72,g1,0.8
3137,72,g1,0.8
3138,51,g1,0.8
3139,8,g1,0.8
3140,38,g1,0.8
3141,91,g1,0.8
3142,56,g1,0.8
3143,52,g1,0.8
3144,28,g1,0.8
3145,38,g1,0.8
3146,88,g1,0.8
3147,64,g1,0.8
3148,76,g1,0.8
3149,47,g1,0.8
3150,61,g1,0.8
3151,26,g1,0.8
3152,70,g1,0.8
3153,45,g1,0.8
3154,46,g1,0.8
3155,63,g1,0.8
3156,92,g1,0.8
3157,7,g1,0.8
3158,81,g1,0.8
3159,29,g1,0.8
3160,46,g1,0.8
3161,5,g1,0.8
3162,30,g1,0.8
3163,50,g1,0.8
3164,7,g1,0.8
3165,49,g1,0.8
3166,91,g1,0.8
3167,11,g1,0.8
3168,74,g1,0.8
3169,42,g1,0.8
3170,63,g1,0.8
3171,27,g1,0.8
3172,17,g1,0.8
3173,17,g1,0.8
3174,8,g1,0.8
3175,19,g1,0.8
3176,64,g1,0.8
3177,85,g1,0.8
3178,80,g1,0.8
3179,66,g1,0.8
3180,12,g1,0.8
3181,29,g1,0.8
3182,32,g1,0.8
3183,26,g1,0.8
3184,50,g1,0.8
3185,52,g1,0.8
3186,37,g1,0.8
3187,37,g1,0.8
3188,81,g1,0.8
3189,77,g1,0.8
3190,31,g1,0.8
3191,90,g1,0.8
3192,93,g1,0.8
3193,35,g1,0.8
3194,37,g1,0.8
3195,50,g1,0.8
3196,92,g1,0.8
3197,84,g1,0.8
3198,10,g1,0.8
3199,39,g1,0.8
3200,53,g1,0.8
3201,50,g1,0.8
3202,19,g1,0.8
3203,83,g1,0.8
3204,64,g1,0.8
3205,82,g1,0.8
3206,83,g1,0.8
3207,73,g1,0.8
3208,46,g1,0.8
3209,60,g1,0.8
3210,17,g1,0.8
3211,64,g1,0.8
3212,18,g1,0.8
3213,68,g1,0.8
3214,25,g1,0.8
3215,14,g1,0.8
3216,17,g1,0.8
3217,0,g1,0.8
3218,71,g1,0.8
3219,72,g1,0.8
3220,50,g1,0.8
3221,17,g1,0.8
3222,8,g1,0.8
3223,4,g1,0.8
3224,17,g1,0.8
3225,87,g1,0.8
3226,26,g1,0.8
3227,37,g1,0.8
3228,11,g1,0.8
3229,25,g1,0.8
3230,51,g1,0.8
3231,60,g1,0.8
3232,26,g1,0.8
3233,7,g1,0.8
3234,39,g1,0.8
3235,25,g1,0.8
3236,24,g1,0.8
3237,93,g1,0.8
3238,61,g1,0.8
3239,53,g1,0.8
3240,43,g1,0.8
3241,45,g1,0.8
3242,52,g1,0.8
3243,69,g1,0.8
3244,70,g1,0.8
3245,18,g1,0.8
3246,50,g1,0.8
3247,42,g1,0.8
3248,84,g1,0.8
3249,61,g1,0.8
3250,52,g1,0.8
3251,13,g1,0.8
3252,60,g1,0.8
3253,14,g1,0.8
3254,36,g1,0.8
3255,16,g1,0.8
3256,68,g1,0.8
3257,21,g1,0.8
3258,39,g1,0.8
3259,88,g1,0.8
3260,21,g1,0.8
3261,50,g1,0.8
3262,44,g1,0.8
3263,4,g1,0.8
3264,78,g1,0.8
3265,8,g1,0.8
3266,48,g1,0.8
3267,53,g1,0.8
3268,61,g1,0.8
3269,67,g1,0.8
3270,27,g1,0.8
3271,2,g1,0.8
3272,71,g1,0.8
3273,52,g1,0.8
3274,82,g1,0.8
3275,81,g1,0.8
3276,82,g1,0.8
3277,49,g1,0.8
3278,35,g1,0.8
3279,77,g1,0.8
3280,46,g1,0.8
3281,18,g1,0.8
3282,83,g1,0.8
3283,85,g1,0.8
3284,47,g1,0.8
3285,8,g1,0.8
3286,39,g1,0.8
3287,80,g1,0.8
3288,90,g1,0.8
3289,20,g1,0.8
3290,7,g1,0.8
3291,84,g1,0.8
3292,39,g1,0.8
3293,52,g1,0.8
3294,94,g1,0.8
3295,7,g1,0.8
3296,63,g1,0.8
3297,8,g1,0.8
3298,38,g1,0.8
3299,80,g1,0.8
3300,45,g1,0.8
3301,99,g1,0.8
3302,53,g1,0.8
3303,35,g1,0.8
3304,25,g1,0.8
3305,36,g1,0.8
3306,38,g1,0.8
3307,8,g1,0.8
3308,38,g1,0.8
3309,47,g1,0.8
3310,71,g1,0.8
3311,63,g1,0.8
3312,70,g1,0.8
3313,2,g1,0.8
3314,24,g1,0.8
3315,63,g1,0.8
3316,48,g1,0.8
3317,1,g1,0.8
3318,80,g1,0.8
3319,74,g1,0.8
3320,53,g1,0.8
3321,7,g1,0.8
3322,74,g1,0.8
3323,55,g1,0.8
3324,75,g1,0.8
3325,73,g1,0.8
3326,80,g1,0.8
3327,51,g1,0.8
3328,16,g1,0.8
3329,64,g1,0.8
3330,61,g1,0.8
3331,72,g1,0.8
3332,18,g1,0.8
3333,19,g1,0.8
3334,87,g1,0.8
3335,73,g1,0.8
3336,90,g1,0.8
3337,73,g1,0.8
3338,59,g1,0.8
3339,63,g1,0.8
3340,87,g1,0.8
3341,54,g1,0.8
3342,62,g1,0.8
3343,17,g1,0.8
3344,48,g1,0.8
3345,71,g1,0.8
3346,28,g1,0.8
3347,20,g1,0.8
3348,33,g1,0.8
3349,26,g1,0.8
3350,23,g1,0.8
3351,45,g1,0.8
3352,90,g1,0.8
3353,50,g1,0.8
3354,19,g1,0.8
3355,8,g1,0.8
3356,69,g1,0.8
3357,38,g1,0.8
3358,81,g1,0.8
3359,63,g1,0.8
3360,79,g1,0.8
3361,28,g1,0.8
3362,68,g1,0.8
3363,27,g1,0.8
3364,92,g1,0.8
3365,62,g1,0.8
3366,35,g1,0.8
3367,28,g1,0.8
3368,19,g1,0.8
3369,68,g1,0.8
3370,24,g1,0.8
3371,58,g1,0.8
3372,27,g1,0.8
3373,63,g1,0.8
3374,80,g1,0.8
3375,74,g1,0.8
3376,73,g1,0.8
3377,19,g1,0.8
3378,9,g1,0.8
3379,69,g1,0.8
3380,38,g1,0.8
3381,45,g1,0.8
3382,5,g1,0.8
3383,27,g1,0.8
3384,5,g1,0.8
3385,84,g1,0.8
3386,26,g1,0.8
3387,53,g1,0.8
3388,6,g1,0.8
3389,64,g1,0.8
3390,35,g1,0.8
3391,89,g1,0.8
3392,87,g1,0.8
3393,35,g1,0.8
3394,90,g1,0.8
3395,99,g1,0.8
3396,81,g1,0.8
3397,82,g1,0.8
3398,26,g1,0.8
3399,54,g1,0.8
3400,7,g1,0.8
3401,9,g1,0.8
3402,99,g1,0.8
3403,35,g1,0.8
3404,73,g1,0.8
3405,80,g1,0.8
3406,83,g1,0.8
3407,99,g1,0.8
3408,26,g1,0.8
3409,6,g1,0.8
3410,42,g1,0.8
3411,15,g1,0.8
3412,5,g1,0.8
3413,37,g1,0.8
3414,75,g1,0.8
3415,54,g1,0.8
3416,33,g1,0.8
3417,63,g1,0.8
3418,25,g1,0.8
3419,3,g1,0.8
3420,74,g1,0.8
3421,61,g1,0.8
3422,73,g1,0.8
3423,6,g1,0.8
3424,82,g1,0.8
3425,61,g1,0.8
3426,53,g1,0.8
3427,61,g1,0.8
3428,84,g1,0.8
3429,56,g1,0.8
3430,55,g1,0.8
3431,97,g1,0.8
3432,73,g1,0.8
3433,46,g1,0.8
3434,70,g1,0.8
3435,39,g1,0.8
3436,25,g1,0.8
3437,59,g1,0.8
3438,91,g1,0.8
3439,91,g1,0.8
3440,36,g1,0.8
3441,51,g1,0.8
3442,22,g1,0.8
3443,98,g1,0.8
3444,95,g1,0.8
3445,63,g1,0.8
3446,80,g1,0.8
3447,70,g1,0.8
3448,58,g1,0.8
3449,7,g1,0.8
3450,47,g1,0.8
3451,64,g1,0.8
3452,64,g1,0.8
3453,38,g1,0.8
3454,92,g1,0.8
3455,17,g1,0.8
3456,50,g1,0.8
3457,67,g1,0.8
3458,69,g1,0.8
3459,63,g1,0.8
3460,28,g1,0.8
3461,17,g1,0.8
3462,62,g1,0.8
3463,59,g1,0.8
3464,18,g1,0.8
3465,70,g1,0.8
3466,47,g1,0.8
3467,64,g1,0.8
3468,82,g1,0.8
3469,18,g1,0.8
3470,4,g1,0.8
3471,74,g1,0.8
3472,60,g1,0.8
3473,69,g1,0.8
3474,82,g1,0.8
3475,80,g1,0.8
3476,93,g1,0.8
3477,52,g1,0.8
3478,49,g1,0.8
3479,40,g1,0.8
3480,17,g1,0.8
3481,54,g1,0.8
3482,28,g1,0.8
3483,91,g1,0.8
3484,55,g1,0.8
3485,58,g1,0.8
3486,37,g1,0.8
3487,6,g1,0.8
3488,5,g1,0.8
3489,45,g1,0.8
3490,9,g1,0.8
3491,60,g1,0.8
3492,85,g1,0.8
3493,85,g1,0.8
3494,63,g1,0.8
3495,22,g1,0.8
3496,83,g1,0.8
3497,86,g1,0.8
3498,19,g1,0.8
3499,72,g1,0.8
3500,29,g1,0.8
3501,80,g1,0.8
3502,99,g1,0.8
3503,5,g1,0.8
3504,89,g1,0.8
3505,61,g1,0.8
3506,94,g1,0.8
3507,47,g1,0.8
3508,82,g1,0.8
3509,7,g1,0.8
3510,35,g1,0.8
3511,7,g1,0.8
3512,94,g1,0.8
3513,81,g1,0.8
3514,83,g1,0.8
3515,92,g1,0.8
3516,9,g1,0.8
3517,39,g1,0.8
3518,8,g1,0.8
3519,22,g1,0.8
3520,25,g1,0.8
3521,48,g1,0.8
3522,28,g1,0.8
3523,10,g1,0.8
3524,17,g1,0.8
3525,16,g1,0.8
3526,94,g1,0.8
3527,73,g1,0.8
3528,94,g1,0.8
3529,46,g1,0.8
3530,28,g1,0.8
3531,79,g1,0.8
3532,35,g1,0.8
3533,29,g1,0.8
3534,25,g1,0.8
3535,15,g1,0.8
3536,27,g1,0.8
3537,37,g1,0.8
3538,64,g1,0.8
3539,7,g1,0.8
3540,22,g1,0.8
3541,80,g1,0.8
3542,16,g1,0.8
3543,36,g1,0.8
3544,84,g1,0.8
3545,17,g1,0.8
3546,8,g1,0.8
3547,49,g1,0.8
3548,30,g1,0.8
3549,53,g1,0.8
3550,80,g1,0.8
3551,16,g1,0.8
3552,55,g1,0.8
3553,50,g1,0.8
3554,16,g1,0.8
3555,61,g1,0.8
3556,28,g1,0.8
3557,49,g1,0.8
3558,8,g1,0.8
3559,47,g1,0.8
3560,31,g1,0.8
3561,81,g1,0.8
3562,7,g1,0.8
3563,44,g1,0.8
3564,47,g1,0.8
3565,71,g1,0.8
3566,54,g1,0.8
3567,64,g1,0.8
3568,74,g1,0.8
3569,83,g1,0.8
3570,33,g1,0.8
3571,52,g1,0.8
3572,82,g1,0.8
3573,97,g1,0.8
3574,87,g1,0.8
3575,38,g1,0.8
3576,19,g1,0.8
3577,49,g1,0.8
3578,72,g1,0.8
3579,49,g1,0.8
3580,48,g1,0.8
3581,82,g1,0.8
3582,37,g1,0.8
3583,83,g1,0.8
3584,41,g1,0.8
3585,35,g1,0.8
3586,47,g1,0.8
3587,73,g1,0.8
3588,15,g1,0.8
3589,19,g1,0.8
3590,93,g1,0.8
3591,18,g1,0.8
3592,54,g1,0.8
3593,54,g1,0.8
3594,49,g1,0.8
3595,62,g1,0.8
3596,25,g1,0.8
3597,53,g1,0.8
3598,38,g1,0.8
3599,63,g1,0.8
3600,16,g1,0.8
3601,54,g1,0.8
3602,19,g1,0.8
3603,28,g1,0.8
3604,24,g1,0.8
3605,18,g1,0.8
3606,81,g1,0.8
3607,29,g1,0.8
3608,91,g1,0.8
3609,94,g1,0.8
3610,54,g1,0.8
3611,16,g1,0.8
3612,38,g1,0.8
3613,79,g1,0.8
3614,37,g1,0.8
3615,9,g1,0.8
3616,53,g1,0.8
3617,82,g1,0.8
3618,78,g1,0.8
3619,18,g1,0.8
3620,64,g1,0.8
3621,25,g1,0.8
3622,24,g1,0.8
3623,84,g1,0.8
3624,26,g1,0.8
3625,27,g1,0.8
3626,0,g1,0.8
3627,84,g1,0.8
3628,78,g1,0.8
3629,61,g1,0.8
3630,73,g1,0.8
3631,17,g1,0.8
3632,47,g1,0.8
3633,36,g1,0.8
3634,9,g1,0.8
3635,49,g1,0.8
3636,91,g1,0.8
3637,6,g1,0.8
3638,29,g1,0.8
3639,21,g1,0.8
3640,26,g1,0.8
3641,90,g1,0.8
3642,48,g1,0.8
3643,47,g1,0.8
3644,73,g1,0.8
3645,17,g1,0.8
3646,49,g1,0.8
3647,45,g1,0.8
3648,59,g1,0.8
3649,99,g1,0.8
3650,74,g1,0.8
3651,39,g1,0.8
3652,81,g1,0.8
3653,18,g1,0.8
3654,5,g1,0.8
3655,21,g1,0.8
3656,36,g1,0.8
3657,50,g1,0.8
3658,60,g1,0.8
3659,90,g1,0.8
3660,50,g1,0.8
3661,50,g1,0.8
3662,6,g1,0.8
3663,5,g1,0.8
3664,53,g1,0.8
3665,46,g1,0.8
3666,82,g1,0.8
3667,17,g1,0.8
3668,5,g1,0.8
3669,46,g1,0.8
3670,26,g1,0.8
3671,6,g1,0.8
3672,71,g1,0.8
3673,12,g1,0.8
3674,60,g1,0.8
3675,28,g1,0.8
3676,18,g1,0.8
3677,38,g1,0.8
3678,80,g1,0.8
3679,39,g1,0.8
3680,73,g1,0.8
3681,15,g1,0.8
3682,74,g1,0.8
3683,26,g1,0.8
3684,64,g1,0.8
3685,54,g1,0.8
3686,91,g1,0.8
3687,39,g1,0.8
3688,7,g1,0.8
3689,4,g1,0.8
3690,81,g1,0.8
3691,51,g1,0.8
3692,74,g1,0.8
3693,25,g1,0.8
3694,36,g1,0.8
3695,5,g1,0.8
3696,93,g1,0.8
3697,64,g1,0.8
3698,92,g1,0.8
3699,27,g1,0.8
3700,60,g1,0.8
3701,64,g1,0.8
3702,34,g1,0.8
3703,83,g1,0.8
3704,92,g1,0.8
3705,86,g1,0.8
3706,72,g1,0.8
3707,28,g1,0.8
3708,28,g1,0.8
3709,93,g1,0.8
3710,2,g1,0.8
3711,71,g1,0.8
3712,70,g1,0.8
3713,61,g1,0.8
3714,97,g1,0.8
3715,32,g1,0.8
3716,36,g1,0.8
3717,8,g1,0.8
3718,46,g1,0.8
3719,27,g1,0.8
3720,36,g1,0.8
3721,82,g1,0.8
3722,92,g1,0.8
3723,19,g1,0.8
3724,38,g1,0.8
3725,91,g1,0.8
3726,7,g1,0.8
3727,9,g1,0.8
3728,17,g1,0.8
3729,58,g1,0.8
3730,16,g1,0.8
3731,94,g1,0.8
3732,46,g1,0.8
3733,50,g1,0.8
3734,26,g1,0.8
3735,48,g1,0.8
3736,63,g1,0.8
3737,73,g1,0.8
3738,73,g1,0.8
3739,54,g1,0.8
3740,90,g1,0.8
3741,81,g1,0.8
3742,73,g1,0.8
3743,7,g1,0.8
3744,1,g1,0.8
3745,23,g1,0.8
3746,63,g1,0.8
3747,42,g1,0.8
3748,40,g1,0.8
3749,86,g1,0.8
3750,88,g1,0.8
3751,90,g1,0.8
3752,33,g1,0.8
3753,67,g1,0.8
3754,28,g1,0.8
3755,19,g1,0.8
3756,19,g1,0.8
3757,36,g1,0.8
3758,45,g1,0.8
3759,81,g1,0.8
3760,14,g1,0.8
3761,72,g1,0.8
3762,51,g1,0.8
3763,29,g1,0.8
3764,49,g1,0.8
3765,29,g1,0.8
3766,59,g1,0.8
3767,45,g1,0.8
3768,17,g1,0.8
3769,14,g1,0.8
3770,52,g1,0.8
3771,90,g1,0.8
3772,36,g1,0.8
3773,72,g1,0.8
3774,63,g1,0.8
3775,91,g1,0.8
3776,81,g1,0.8
3777,54,g1,0.8
3778,63,g1,0.8
3779,89,g1,0.8
3780,39,g1,0.8
3781,35,g1,0.8
3782,2,g1,0.8
3783,81,g1,0.8
3784,80,g1,0.8
3785,11,g1,0.8
3786,54,g1,0.8
3787,47,g1,0.8
3788,14,g1,0.8
3789,95,g1,0.8
3790,23,g1,0.8
3791,7,g1,0.8
3792,58,g1,0.8
3793,72,g1,0.8
3794,5,g1,0.8
3795,63,g1,0.8
3796,52,g1,0.8
3797,10,g1,0.8
3798,18,g1,0.8
3799,54,g1,0.8
3800,29,g1,0.8
3801,92,g1,0.8
3802,81,g1,0.8
3803,95,g1,0.8
3804,27,g1,0.8
3805,94,g1,0.8
3806,45,g1,0.8
3807,36,g1,0.8
3808,6,g1,0.8
3809,7,g1,0.8
3810,68,g1,0.8
3811,47,g1,0.8
3812,25,g1,0.8
3813,60,g1,0.8
3814,27,g1,0.8
3815,54,g1,0.8
3816,37,g1,0.8
3817,81,g1,0.8
3818,81,g1,0.8
3819,48,g1,0.8
3820,36,g1,0.8
3821,37,g1,0.8
3822,80,g1,0.8
3823,35,g1,0.8
3824,22,g1,0.8
3825,9,g1,0.8
3826,47,g1,0.8
3827,48,g1,0.8
3828,82,g1,0.8
3829,25,g1,0.8
3830,38,g1,0.8
3831,80,g1,0.8
3832,81,g1,0.8
3833,39,g1,0.8
3834,47,g1,0.8
3835,30,g1,0.8
3836,92,g1,0.8
3837,14,g1,0.8
3838,92,g1,0.8
3839,65,g1,0.8
3840,51,g1,0.8
3841,5,g1,0.8
3842,48,g1,0.8
3843,41,g1,0.8
3844,17,g1,0.8
3845,63,g1,0.8
3846,94,g1,0.8
3847,53,g1,0.8
3848,70,g1,0.8
3849,8,g1,0.8
3850,44,g1,0.8
3851,14,g1,0.8
3852,60,g1,0.8
3853,92,g1,0.8
3854,63,g1,0.8
3855,8,g1,0.8
3856,37,g1,0.8
3857,53,g1,0.8
3858,40,g1,0.8
3859,82,g1,0.8
3860,80,g1,0.8
3861,60,g1,0.8
3862,38,g1,0.8
3863,27,g1,0.8
3864,11,g1,0.8
3865,37,g1,0.8
3866,43,g1,0.8
3867,64,g1,0.8
3868,63,g1,0.8
3869,8,g1,0.8
3870,39,g1,0.8
3871,18,g1,0.8
3872,17,g1,0.8
3873,81,g1,0.8
3874,6,g1,0.8
3875,44,g1,0.8
3876,18,g1,0.8
3877,84,g1,0.8
3878,53,g1,0.8
3879,25,g1,0.8
3880,50,g1,0.8
3881,71,g1,0.8
3882,93,g1,0.8
3883,25,g1,0.8
3884,86,g1,0.8
3885,92,g1,0.8
3886,91,g1,0.8
3887,62,g1,0.8
3888,61,g1,0.8
3889,40,g1,0.8
3890,73,g1,0.8
3891,51,g1,0.8
3892,64,g1,0.8
3893,45,g1,0.8
3894,71,g1,0.8
3895,81,g1,0.8
3896,16,g1,0.8
3897,82,g1,0.8
3898,52,g1,0.8
3899,82,g1,0.8
3900,45,g1,0.8
3901,38,g1,0.8
3902,90,g1,0.8
3903,26,g1,0.8
3904,82,g1,0.8
3905,49,g1,0.8
3906,50,g1,0.8
3907,32,g1,0.8
3908,54,g1,0.8
3909,35,g1,0.8
3910,6,g1,0.8
3911,28,g1,0.8
3912,1,g1,0.8
3913,94,g1,0.8
3914,94,g1,0.8
3915,39,g1,0.8
3916,71,g1,0.8
3917,36,g1,0.8
3918,64,g1,0.8
3919,80,g1,0.8
3920,92,g1,0.8
3921,40,g1,0.8
3922,75,g1,0.8
3923,27,g1,0.8
3924,97,g1,0.8
3925,5,g1,0.8
3926,60,g1,0.8
3927,63,g1,0.8
3928,67,g1,0.8
3929,15,g1,0.8
3930,92,g1,0.8
3931,18,g1,0.8
3932,61,g1,0.8
3933,25,g1,0.8
3934,31,g1,0.8
3935,52,g1,0.8
3936,44,g1,0.8
3937,17,g1,0.8
3938,18,g1,0.8
3939,44,g1,0.8
3940,73,g1,0.8
3941,89,g1,0.8
3942,9,g1,0.8
3943,39,g1,0.8
3944,10,g1,0.8
3945,4,g1,0.8
3946,63,g1,0.8
3947,60,g1,0.8
3948,17,g1,0.8
3949,25,g1,0.8
3950,5,g1,0.8
3951,82,g1,0.8
3952,94,g1,0.8
3953,15,g1,0.8
3954,25,g1,0.8
3955,84,g1,0.8
3956,91,g1,0.8
3957,44,g1,0.8
3958,6,g1,0.8
3959,6,g1,0.8
3960,54,g1,0.8
3961,39,g1,0.8
3962,5,g1,0.8
3963,55,g1,0.8
3964,2,g1,0.8
3965,76,g1,0.8
3966,31,g1,0.8
3967,6,g1,0.8
3968,57,g1,0.8
3969,39,g1,0.8
3970,94,g1,0.8
3971,52,g1,0.8
3972,28,g1,0.8
3973,70,g1,0.8
3974,28,g1,0.8
3975,90,g1,0.8
3976,38,g1,0.8
3977,53,g1,0.8
3978,6,g1,0.8
3979,45,g1,0.8
3980,82,g1,0.8
3981,80,g1,0.8
3982,25,g1,0.8
3983,25,g1,0.8
3984,81,g1,0.8
3985,91,g1,0.8
3986,9,g1,0.8
3987,46,g1,0.8
3988,36,g1,0.8
3989,84,g1,0.8
3990,8,g1,0.8
3991,22,g1,0.8
3992,73,g1,0.8
3993,6,g1,0.8
3994,49,g1,0.8
3995,46,g1,0.8
3996,35,g1,0.8
3997,39,g1,0.8
3998,51,g1,0.8
3999,17,g1,0.8
4000,54,g1,0.8
4001,80,g1,0.8
4002,73,g1,0.8
4003,17,g1,0.8
4004,16,g1,0.8
4005,28,g1,0.8
4006,37,g1,0.8
4007,42,g1,0.8
4008,64,g1,0.8
4009,7,g1,0.8
4010,5,g1,0.8
4011,39,g1,0.8
4012,69,g1,0.8
4013,19,g1,0.8
4014,62,g1,0.8
4015,27,g1,0.8
4016,86,g1,0.8
4017,88,g1,0.8
4018,29,g1,0.8
4019,25,g1,0.8
4020,42,g1,0.8
4021,26,g1,0.8
4022,64,g1,0.8
4023,81,g1,0.8
4024,64,g1,0.8
4025,81,g1,0.8
4026,39,g1,0.8
4027,17,g1,0.8
4028,72,g1,0.8
4029,37,g1,0.8
4030,64,g1,0.8
4031,28,g1,0.8
4032,8,g1,0.8
4033,98,g1,0.8
4034,17,g1,0.8
4035,97,g1,0.8
4036,94,g1,0.8
4037,78,g1,0.8
4038,63,g1,0.8
4039,54,g1,0.8
4040,84,g1,0.8
4041,29,g1,0.8
4042,47,g1,0.8
4043,61,g1,0.8
4044,42,g1,0.8
4045,45,g1,0.8
4046,35,g1,0.8
4047,54,g1,0.8
4048,83,g1,0.8
4049,20,g1,0.8
4050,92,g1,0.8
4051,67,g1,0.8
4052,81,g1,0.8
4053,53,g1,0.8
4054,74,g1,0.8
4055,4,g1,0.8
4056,81,g1,0.8
4057,6,g1,0.8
4058,87,g1,0.8
4059,97,g1,0.8
4060,29,g1,0.8
4061,22,g1,0.8
4062,74,g1,0.8
4063,27,g1,0.8
4064,84,g1,0.8
4065,10,g1,0.8
4066,15,g1,0.8
4067,94,g1,0.8
4068,64,g1,0.8
4069,82,g1,0.8
4070,35,g1,0.8
4071,64,g1,0.8
4072,58,g1,0.8
4073,60,g1,0.8
4074,65,g1,0.8
4075,54,g1,0.8
4076,45,g1,0.8
4077,28,g1,0.8
4078,74,g1,0.8
4079,25,g1,0.8
4080,68,g1,0.8
4081,25,g1,0.8
4082,61,g1,0.8
4083,72,g1,0.8
4084,24,g1,0.8
4085,7,g1,0.8
4086,15,g1,0.8
4087,60,g1,0.8
4088,83,g1,0.8
4089,6,g1,0.8
4090,72,g1,0.8
4091,36,g1,0.8
4092,48,g1,0.8
4093,91,g1,0.8
4094,35,g1,0.8
4095,47,g1,0.8
4096,3,g1,0.8
4097,8,g1,0.8
4098,27,g1,0.8
4099,5,g1,0.8
4100,61,g1,0.8
4101,45,g1,0.8
4102,53,g1,0.8
4103,18,g1,0.8
4104,29,g1,0.8
4105,63,g1,0.8
4106,94,g1,0.8
4107,6,g1,0.8
4108,87,g1,0.8
4109,54,g1,0.8
4110,53,g1,0.8
4111,50,g1,0.8
4112,8,g1,0.8
4113,9,g1,0.8
4114,60,g1,0.8
4115,36,g1,0.8
4116,91,g1,0.8
4117,41,g1,0.8
4118,16,g1,0.8
4119,70,g1,0.8
4120,29,g1,0.8
4121,51,g1,0.8
4122,69,g1,0.8
4123,90,g1,0.8
4124,78,g1,0.8
4125,64,g1,0.8
4126,64,g1,0.8
4127,92,g1,0.8
4128,29,g1,0.8
4129,0,g1,0.8
4130,28,g1,0.8
4131,24,g1,0.8
4132,63,g1,0.8
4133,62,g1,0.8
4134,58,g1,0.8
4135,4,g1,0.8
4136,71,g1,0.8
4137,35,g1,0.8
4138,64,g1,0.8
4139,53,g1,0.8
4140,36,g1,0.8
4141,15,g1,0.8
4142,9,g1,0.8
4143,81,g1,0.8
4144,91,g1,0.8
4145,63,g1,0.8
4146,10,g1,0.8
4147,40,g1,0.8
4148,71,g1,0.8
4149,74,g1,0.8
4150,14,g1,0.8
4151,0,g1,0.8
4152,70,g1,0.8
4153,37,g1,0.8
4154,27,g1,0.8
4155,3,g1,0.8
4156,52,g1,0.8
4157,83,g1,0.8
4158,93,g1,0.8
4159,54,g1,0.8
4160,50,g1,0.8
4161,9,g1,0.8
4162,53,g1,0.8
4163,38,g1,0.8
4164,60,g1,0.8
4165,39,g1,0.8
4166,26,g1,0.8
4167,9,g1,0.8
4168,33,g1,0.8
4169,9,g1,0.8
4170,18,g1,0.8
4171,96,g1,0.8
4172,46,g1,0.8
4173,51,g1,0.8
4174,84,g1,0.8
4175,98,g1,0.8
4176,55,g1,0.8
4177,80,g1,0.8
4178,35,g1,0.8
4179,31,g1,0.8
4180,40,g1,0.8
4181,64,g1,0.8
4182,65,g1,0.8
4183,33,g1,0.8
4184,15,g1,0.8
4185,62,g1,0.8
4186,15,g1,0.8
4187,54,g1,0.8
4188,68,g1,0.8
4189,70,g1,0.8
4190,73,g1,0.8
4191,84,g1,0.8
4192,49,g1,0.8
4193,71,g1,0.8
4194,61,g1,0.8
4195,19,g1,0.8
4196,5,g1,0.8
4197,29,g1,0.8
4198,46,g1,0.8
4199,61,g1,0.8
4200,83,g1,0.8
4201,19,g1,0.8
4202,15,g1,0.8
4203,93,g1,0.8
4204,12,g1,0.8
4205,48,g1,0.8
4206,56,g1,0.8
4207,52,g1,0.8
4208,9,g1,0.8
4209,7,g1,0.8
4210,11,g1,0.8
4211,56,g1,0.8
4212,52,g1,0.8
4213,25,g1,0.8
4214,62,g1,0.8
4215,81,g1,0.8
4216,6,g1,0.8
4217,49,g1,0.8
4218,67,g1,0.8
4219,27,g1,0.8
4220,31,g1,0.8
4221,60,g1,0.8
4222,89,g1,0.8
4223,80,g1,0.8
4224,55,g1,0.8
4225,71,g1,0.8
4226,37,g1,0.8
4227,62,g1,0.8
4228,47,g1,0.8
4229,19,g1,0.8
4230,70,g1,0.8
4231,53,g1,0.8
4232,37,g1,0.8
4233,90,g1,0.8
4234,5,g1,0.8
4235,33,g1,0.8
4236,7,g1,0.8
4237,74,g1,0.8
4238,70,g1,0.8
4239,35,g1,0.8
4240,64,g1,0.8
4241,39,g1,0.8
4242,73,g1,0.8
4243,47,g1,0.8
4244,43,g1,0.8
4245,92,g1,0.8
4246,26,g1,0.8
4247,15,g1,0.8
4248,56,g1,0.8
4249,94,g1,0.8
4250,38,g1,0.8
4251,7,g1,0.8
4252,36,g1,0.8
4253,50,g1,0.8
4254,17,g1,0.8
4255,63,g1,0.8
4256,99,g1,0.8
4257,46,g1,0.8
4258,37,g1,0.8
4259,40,g1,0.8
4260,13,g1,0.8
4261,85,g1,0.8
4262,43,g1,0.8
4263,39,g1,0.8
4264,63,g1,0.8
4265,46,g1,0.8
4266,63,g1,0.8
4267,7,g1,0.8
4268,80,g1,0.8
4269,92,g1,0.8
4270,63,g1,0.8
4271,93,g1,0.8
4272,16,g1,0.8
4273,48,g1,0.8
4274,60,g1,0.8
4275,55,g1,0.8
4276,40,g1,0.8
4277,36,g1,0.8
4278,15,g1,0.8
4279,39,g1,0.8
4280,17,g1,0.8
4281,72,g1,0.8
4282,22,g1,0.8
4283,7,g1,0.8
4284,53,g1,0.8
4285,58,g1,0.8
4286,84,g1,0.8
4287,54,g1,0.8
4288,36,g1,0.8
4289,80,g1,0.8
4290,52,g1,0.8
4291,8,g1,0.8
4292,54,g1,0.8
4293,90,g1,0.8
4294,39,g1,0.8
4295,29,g1,0.8
4296,16,g1,0.8
4297,16,g1,0.8
4298,45,g1,0.8
4299,58,g1,0.8
4300,8,g1,0.8
4301,92,g1,0.8
4302,73,g1,0.8
4303,56,g1,0.8
4304,81,g1,0.8
4305,8,g1,0.8
4306,48,g1,0.8
4307,61,g1,0.8
4308,81,g1,0.8
4309,75,g1,0.8
4310,28,g1,0.8
4311,92,g1,0.8
4312,15,g1,0.8
4313,84,g1,0.8
4314,94,g1,0.8
4315,18,g1,0.8
4316,71,g1,0.8
4317,6,g1,0.8
4318,41,g1,0.8
4319,51,g1,0.8
4320,55,g1,0.8
4321,92,g1,0.8
4322,64,g1,0.8
4323,48,g1,0.8
4324,80,g1,0.8
4325,93,g1,0.8
4326,5,g1,0.8
4327,95,g1,0.8
4328,9,g1,0.8
4329,80,g1,0.8
4330,28,g1,0.8
4331,15,g1,0.8
4332,46,g1,0.8
4333,62,g1,0.8
4334,38,g1,0.8
4335,7,g1,0.8
4336,59,g1,0.8
4337,90,g1,0.8
4338,38,g1,0.8
4339,24,g1,0.8
4340,46,g1,0.8
4341,6,g1,0.8
4342,81,g1,0.8
4343,81,g1,0.8
4344,57,g1,0.8
4345,37,g1,0.8
4346,79,g1,0.8
4347,53,g1,0.8
4348,81,g1,0.8
4349,61,g1,0.8
4350,76,g1,0.8
4351,59,g1,0.8
4352,43,g1,0.8
4353,93,g1,0.8
4354,52,g1,0.8
4355,60,g1,0.8
4356,25,g1,0.8
4357,61,g1,0.8
4358,54,g1,0.8
4359,19,g1,0.8
4360,7,g1,0.8
4361,60,g1,0.8
4362,73,g1,0.8
4363,51,g1,0.8
4364,25,g1,0.8
4365,64,g1,0.8
4366,8,g1,0.8
4367,46,g1,0.8
4368,17,g1,0.8
4369,19,g1,0.8
4370,20,g1,0.8
4371,39,g1,0.8
4372,6,g1,0.8
4373,39,g1,0.8
4374,50,g1,0.8
4375,48,g1,0.8
4376,38,g1,0.8
4377,82,g1,0.8
4378,16,g1,0.8
4379,50,g1,0.8
4380,7,g1,0.8
4381,8,g1,0.8
4382,54,g1,0.8
4383,54,g1,0.8
4384,84,g1,0.8
4385,53,g1,0.8
4386,93,g1,0.8
4387,6,g1,0.8
4388,9,g1,0.8
4389,6,g1,0.8
4390,19,g1,0.8
4391,52,g1,0.8
4392,62,g1,0.8
4393,6,g1,0.8
4394,92,g1,0.8
4395,82,g1,0.8
4396,29,g1,0.8
4397,8,g1,0.8
4398,18,g1,0.8
4399,15,g1,0.8
4400,15,g1,0.8
4401,51,g1,0.8
4402,26,g1,0.8
4403,37,g1,0.8
4404,97,g1,0.8
4405,66,g1,0.8
4406,93,g1,0.8
4407,16,g1,0.8
4408,38,g1,0.8
4409,53,g1,0.8
4410,8,g1,0.8
4411,1,g1,0.8
4412,64,g1,0.8
4413,62,g1,0.8
4414,42,g1,0.8
4415,49,g1,0.8
4416,43,g1,0.8
4417,5,g1,0.8
4418,35,g1,0.8
4419,18,g1,0.8
4420,9,g1,0.8
4421,93,g1,0.8
4422,59,g1,0.8
4423,71,g1,0.8
4424,33,g1,0.8
4425,39,g1,0.8
4426,26,g1,0.8
4427,9,g1,0.8
4428,18,g1,0.8
4429,79,g1,0.8
4430,64,g1,0.8
4431,52,g1,0.8
4432,48,g1,0.8
4433,91,g1,0.8
4434,8,g1,0.8
4435,28,g1,0.8
4436,36,g1,0.8
4437,75,g1,0.8
4438,98,g1,0.8
4439,26,g1,0.8
4440,84,g1,0.8
4441,81,g1,0.8
4442,25,g1,0.8
4443,39,g1,0.8
4444,42,g1,0.8
4445,94,g1,0.8
4446,18,g1,0.8
4447,79,g1,0.8
4448,35,g1,0.8
4449,71,g1,0.8
4450,45,g1,0.8
4451,54,g1,0.8
4452,82,g1,0.8
4453,80,g1,0.8
4454,84,g1,0.8
4455,7,g1,0.8
4456,68,g1,0.8
4457,16,g1,0.8
4458,43,g1,0.8
4459,53,g1,0.8
4460,40,g1,0.8
4461,51,g1,0.8
4462,99,g1,0.8
4463,15,g1,0.8
4464,64,g1,0.8
4465,39,g1,0.8
4466,15,g1,0.8
4467,17,g1,0.8
4468,93,g1,0.8
4469,84,g1,0.8
4470,90,g1,0.8
4471,97,g1,0.8
4472,22,g1,0.8
4473,37,g1,0.8
4474,64,g1,0.8
4475,48,g1,0.8
4476,44,g1,0.8
4477,37,g1,0.8
4478,58,g1,0.8
4479,54,g1,0.8
4480,17,g1,0.8
4481,48,g1,0.8
4482,53,g1,0.8
4483,54,g1,0.8
4484,22,g1,0.8
4485,72,g1,0.8
4486,5,g1,0.8
4487,37,g1,0.8
4488,75,g1,0.8
4489,53,g1,0.8
4490,27,g1,0.8
4491,68,g1,0.8
4492,54,g1,0.8
4493,79,g1,0.8
4494,72,g1,0.8
4495,60,g1,0.8
4496,49,g1,0.8
4497,15,g1,0.8
4498,27,g1,0.8
4499,44,g1,0.8
4500,59,g1,0.8
4501,50,g1,0.8
4502,29,g1,0.8
4503,1,g1,0.8
4504,49,g1,0.8
4505,29,g1,0.8
4506,72,g1,0.8
4507,5,g1,0.8
4508,56,g1,0.8
4509,92,g1,0.8
4510,18,g1,0.8
4511,48,g1,0.8
4512,9,g1,0.8
4513,61,g1,0.8
4514,53,g1,0.8
4515,41,g1,0.8
4516,51,g1,0.8
4517,89,g1,0.8
4518,19,g1,0.8
4519,5,g1,0.8
4520,83,g1,0.8
4521,54,g1,0.8
4522,87,g1,0.8
4523,59,g1,0.8
4524,80,g1,0.8
4525,45,g1,0.8
4526,73,g1,0.8
4527,90,g1,0.8
4528,54,g1,0.8
4529,18,g1,0.8
4530,28,g1,0.8
4531,19,g1,0.8
4532,26,g1,0.8
4533,31,g1,0.8
4534,53,g1,0.8
4535,56,g1,0.8
4536,45,g1,0.8
4537,60,g1,0.8
4538,8,g1,0.8
4539,9,g1,0.8
4540,18,g1,0.8
4541,51,g1,0.8
4542,23,g1,0.8
4543,28,g1,0.8
4544,40,g1,0.8
4545,80,g1,0.8
4546,3,g1,0.8
4547,63,g1,0.8
4548,64,g1,0.8
4549,79,g1,0.8
4550,92,g1,0.8
4551,5,g1,0.8
4552,17,g1,0.8
4553,86,g1,0.8
4554,47,g1,0.8
4555,54,g1,0.8
4556,63,g1,0.8
4557,64,g1,0.8
4558,91,g1,0.8
4559,99,g1,0.8
4560,71,g1,0.8
4561,29,g1,0.8
4562,84,g1,0.8
4563,6,g1,0.8
4564,25,g1,0.8
4565,89,g1,0.8
4566,27,g1,0.8
4567,25,g1,0.8
4568,16,g1,0.8
4569,83,g1,0.8
4570,50,g1,0.8
4571,64,g1,0.8
4572,26,g1,0.8
4573,73,g1,0.8
4574,73,g1,0.8
4575,33,g1,0.8
4576,42,g1,0.8
4577,22,g1,0.8
4578,94,g1,0.8
4579,62,g1,0.8
4580,92,g1,0.8
4581,30,g1,0.8
4582,75,g1,0.8
4583,74,g1,0.8
4584,67,g1,0.8
4585,94,g1,0.8
4586,39,g1,0.8
4587,15,g1,0.8
4588,64,g1,0.8
4589,71,g1,0.8
4590,54,g1,0.8
4591,21,g1,0.8
4592,50,g1,0.8
4593,33,g1,0.8
4594,45,g1,0.8
4595,62,g1,0.8
4596,72,g1,0.8
4597,25,g1,0.8
4598,41,g1,0.8
4599,28,g1,0.8
4600,19,g1,0.8
4601,75,g1,0.8
4602,90,g1,0.8
4603,38,g1,0.8
4604,73,g1,0.8
4605,89,g1,0.8
4606,82,g1,0.8
4607,18,g1,0.8
4608,93,g1,0.8
4609,38,g1,0.8
4610,36,g1,0.8
4611,7,g1,0.8
4612,49,g1,0.8
4613,12,g1,0.8
4614,26,g1,0.8
4615,34,g1,0.8
4616,80,g1,0.8
4617,84,g1,0.8
4618,30,g1,0.8
4619,83,g1,0.8
4620,83,g1,0.8
4621,74,g1,0.8
4622,16,g1,0.8
4623,67,g1,0.8
4624,92,g1,0.8
4625,65,g1,0.8
4626,35,g1,0.8
4627,50,g1,0.8
4628,62,g1,0.8
4629,50,g1,0.8
4630,14,g1,0.8
4631,33,g1,0.8
4632,80,g1,0.8
4633,83,g1,0.8
4634,16,g1,0.8
4635,93,g1,0.8
4636,35,g1,0.8
4637,63,g1,0.8
4638,73,g1,0.8
4639,80,g1,0.8
4640,92,g1,0.8
4641,33,g1,0.8
4642,83,g1,0.8
4643,15,g1,0.8
4644,70,g1,0.8
4645,72,g1,0.8
4646,64,g1,0.8
4647,27,g1,0.8
4648,84,g1,0.8
4649,18,g1,0.8
4650,7,g1,0.8
4651,71,g1,0.8
4652,48,g1,0.8
4653,83,g1,0.8
4654,38,g1,0.8
4655,18,g1,0.8
4656,82,g1,0.8
4657,53,g1,0.8
4658,19,g1,0.8
4659,71,g1,0.8
4660,50,g1,0.8
4661,60,g1,0.8
4662,47,g1,0.8
4663,81,g1,0.8
4664,81,g1,0.8
4665,70,g1,0.8
4666,11,g1,0.8
4667,82,g1,0.8
4668,64,g1,0.8
4669,69,g1,0.8
4670,37,g1,0.8
4671,84,g1,0.8
4672,71,g1,0.8
4673,13,g1,0.8
4674,41,g1,0.8
4675,86,g1,0.8
4676,6,g1,0.8
4677,93,g1,0.8
4678,64,g1,0.8
4679,61,g1,0.8
4680,28,g1,0.8
4681,26,g1,0.8
4682,92,g1,0.8
4683,29,g1,0.8
4684,74,g1,0.8
4685,39,g1,0.8
4686,16,g1,0.8
4687,2,g1,0.8
4688,52,g1,0.8
4689,94,g1,0.8
4690,38,g1,0.8
4691,37,g1,0.8
4692,36,g1,0.8
4693,51,g1,0.8
4694,46,g1,0.8
4695,84,g1,0.8
4696,50,g1,0.8
4697,50,g1,0.8
4698,16,g1,0.8
4699,95,g1,0.8
4700,26,g1,0.8
4701,8,g1,0.8
4702,63,g1,0.8
4703,58,g1,0.8
4704,43,g1,0.8
4705,45,g1,0.8
4706,76,g1,0.8
4707,19,g1,0.8
4708,81,g1,0.8
4709,63,g1,0.8
4710,44,g1,0.8
4711,47,g1,0.8
4712,27,g1,0.8
4713,73,g1,0.8
4714,50,g1,0.8
4715,35,g1,0.8
4716,59,g1,0.8
4717,98,g1,0.8
4718,45,g1,0.8
4719,91,g1,0.8
4720,36,g1,0.8
4721,7,g1,0.8
4722,21,g1,0.8
4723,44,g1,0.8
4724,24,g1,0.8
4725,0,g1,0.8
4726,90,g1,0.8
4727,82,g1,0.8
4728,72,g1,0.8
4729,17,g1,0.8
4730,15,g1,0.8
4731,7,g1,0.8
4732,71,g1,0.8
4733,91,g1,0.8
4734,45,g1,0.8
4735,14,g1,0.8
4736,50,g1,0.8
4737,36,g1,0.8
4738,38,g1,0.8
4739,61,g1,0.8
4740,71,g1,0.8
4741,12,g1,0.8
4742,5,g1,0.8
4743,98,g1,0.8
4744,25,g1,0.8
4745,7,g1,0.8
4746,19,g1,0.8
4747,6,g1,0.8
4748,39,g1,0.8
4749,80,g1,0.8
4750,36,g1,0.8
4751,46,g1,0.8
4752,64,g1,0.8
4753,50,g1,0.8
4754,83,g1,0.8
4755,84,g1,0.8
4756,2,g1,0.8
4757,74,g1,0.8
4758,47,g1,0.8
4759,97,g1,0.8
4760,48,g1,0.8
4761,96,g1,0.8
4762,73,g1,0.8
4763,26,g1,0.8
4764,52,g1,0.8
4765,98,g1,0.8
4766,83,g1,0.8
4767,9,g1,0.8
4768,70,g1,0.8
4769,36,g1,0.8
4770,1,g1,0.8
4771,40,g1,0.8
4772,25,g1,0.8
4773,81,g1,0.8
4774,36,g1,0.8
4775,81,g1,0.8
4776,0,g1,0.8
4777,31,g1,0.8
4778,26,g1,0.8
4779,25,g1,0.8
4780,8,g1,0.8
4781,19,g1,0.8
4782,53,g1,0.8
4783,29,g1,0.8
4784,44,g1,0.8
4785,38,g1,0.8
4786,84,g1,0.8
4787,90,g1,0.8
4788,49,g1,0.8
4789,35,g1,0.8
4790,11,g1,0.8
4791,93,g1,0.8
4792,7,g1,0.8
4793,29,g1,0.8
4794,29,g1,0.8
4795,35,g1,0.8
4796,17,g1,0.8
4797,75,g1,0.8
4798,15,g1,0.8
4799,62,g1,0.8
4800,15,g1,0.8
4801,8,g1,0.8
4802,90,g1,0.8
4803,19,g1,0.8
4804,81,g1,0.8
4805,52,g1,0.8
4806,8,g1,0.8
4807,93,g1,0.8
4808,26,g1,0.8
4809,83,g1,0.8
4810,18,g1,0.8
4811,83,g1,0.8
4812,3,g1,0.8
4813,50,g1,0.8
4814,74,g1,0.8
4815,92,g1,0.8
4816,90,g1,0.8
4817,81,g1,0.8
4818,87,g1,0.8
4819,19,g1,0.8
4820,29,g1,0.8
4821,29,g1,0.8
4822,38,g1,0.8
4823,39,g1,0.8
4824,52,g1,0.8
4825,17,g1,0.8
4826,67,g1,0.8
4827,17,g1,0.8
4828,32,g1,0.8
4829,50,g1,0.8
4830,79,g1,0.8
4831,72,g1,0.8
4832,62,g1,0.8
4833,17,g1,0.8
4834,52,g1,0.8
4835,9,g1,0.8
4836,38,g1,0.8
4837,43,g1,0.8
4838,6,g1,0.8
4839,28,g1,0.8
4840,93,g1,0.8
4841,93,g1,0.8
4842,37,g1,0.8
4843,6,g1,0.8
4844,18,g1,0.8
4845,39,g1,0.8
4846,92,g1,0.8
4847,16,g1,0.8
4848,73,g1,0.8
4849,12,g1,0.8
4850,95,g1,0.8
4851,38,g1,0.8
4852,74,g1,0.8
4853,36,g1,0.8
4854,61,g1,0.8
4855,19,g1,0.8
4856,16,g1,0.8
4857,92,g1,0.8
4858,91,g1,0.8
4859,86,g1,0.8
4860,61,g1,0.8
4861,80,g1,0.8
4862,8,g1,0.8
4863,35,g1,0.8
4864,33,g1,0.8
4865,62,g1,0.8
4866,37,g1,0.8
4867,16,g1,0.8
4868,59,g1,0.8
4869,80,g1,0.8
4870,38,g1,0.8
4871,15,g1,0.8
4872,19,g1,0.8
4873,26,g1,0.8
4874,29,g1,0.8
4875,62,g1,0.8
4876,60,g1,0.8
4877,69,g1,0.8
4878,37,g1,0.8
4879,81,g1,0.8
4880,21,g1,0.8
4881,48,g1,0.8
4882,80,g1,0.8
4883,18,g1,0.8
4884,12,g1,0.8
4885,85,g1,0.8
4886,36,g1,0.8
4887,65,g1,0.8
4888,5,g1,0.8
4889,67,g1,0.8
4890,34,g1,0.8
4891,7,g1,0.8
4892,60,g1,0.8
4893,26,g1,0.8
4894,39,g1,0.8
4895,8,g1,0.8
4896,16,g1,0.8
4897,29,g1,0.8
4898,9,g1,0.8
4899,90,g1,0.8
4900,1,g1,0.8
4901,48,g1,0.8
4902,15,g1,0.8
4903,31,g1,0.8
4904,91,g1,0.8
4905,17,g1,0.8
4906,94,g1,0.8
4907,21,g1,0.8
4908,72,g1,0.8
4909,52,g1,0.8
4910,86,g1,0.8
4911,53,g1,0.8
4912,52,g1,0.8
4913,19,g1,0.8
4914,17,g1,0.8
4915,91,g1,0.8
4916,35,g1,0.8
4917,38,g1,0.8
4918,73,g1,0.8
4919,36,g1,0.8
4920,93,g1,0.8
4921,72,g1,0.8
4922,59,g1,0.8
4923,85,g1,0.8
4924,6,g1,0.8
4925,27,g1,0.8
4926,47,g1,0.8
4927,25,g1,0.8
4928,72,g1,0.8
4929,91,g1,0.8
4930,45,g1,0.8
4931,36,g1,0.8
4932,93,g1,0.8
4933,46,g1,0.8
4934,49,g1,0.8
4935,36,g1,0.8
4936,90,g1,0.8
4937,54,g1,0.8
4938,73,g1,0.8
4939,80,g1,0.8
4940,36,g1,0.8
4941,45,g1,0.8
4942,83,g1,0.8
4943,37,g1,0.8
4944,78,g1,0.8
4945,92,g1,0.8
4946,61,g1,0.8
4947,72,g1,0.8
4948,80,g1,0.8
4949,82,g1,0.8
4950,39,g1,0.8
4951,6,g1,0.8
4952,40,g1,0.8
4953,64,g1,0.8
4954,46,g1,0.8
4955,73,g1,0.8
4956,37,g1,0.8
4957,62,g1,0.8
4958,19,g1,0.8
4959,73,g1,0.8
4960,52,g1,0.8
4961,21,g1,0.8
4962,29,g1,0.8
4963,73,g1,0.8
4964,48,g1,0.8
4965,24,g1,0.8
4966,94,g1,0.8
4967,70,g1,0.8
4968,93,g1,0.8
4969,45,g1,0.8
4970,48,g1,0.8
4971,89,g1,0.8
4972,51,g1,0.8
4973,70,g1,0.8
4974,27,g1,0.8
4975,46,g1,0.8
4976,15,g1,0.8
4977,21,g1,0.8
4978,0,g1,0.8
4979,6,g1,0.8
4980,94,g1,0.8
4981,26,g1,0.8
4982,63,g1,0.8
4983,82,g1,0.8
4984,53,g1,0.8
4985,17,g1,0.8
4986,71,g1,0.8
4987,60,g1,0.8
4988,71,g1,0.8
4989,74,g1,0.8
4990,94,g1,0.8
4991,54,g1,0.8
4992,36,g1,0.8
4993,63,g1,0.8
4994,8,g1,0.8
4995,89,g1,0.8
4996,14,g1,0.8
4997,35,g1,0.8
4998,80,g1,0.8
4999,59,g1,0.8
